# Australia - Nationwide locations
-27.177444,152.258035
-25.048378,113.794620
-38.623446,145.584100
-34.297742,138.475917
-38.142271,142.614283
-36.611386,145.591103
-28.396482,150.604563
-22.883846,149.557484
-30.533492,151.723320
-36.331438,142.346409
-34.813049,143.393017
-24.469209,150.619555
-37.055031,143.458218
-26.704568,152.984079
-34.604071,138.524733
-33.458632,116.034475
-22.862228,139.854326
-34.158048,139.031087
-34.299029,117.545317
-31.099911,118.193376
-37.407245,143.975792
-31.501990,131.826967
-37.282655,145.486032
-12.643401,131.310736
-36.637995,147.118879
-33.076374,116.619532
-32.013712,150.745859
-37.015930,144.596862
-31.204531,152.815192
-33.755085,115.185206
-34.695318,137.742381
-21.862214,114.141898
-27.839290,144.022791
-37.263102,144.113136
-32.267652,117.194903
-35.387611,142.951474
-32.945415,137.408625
-35.077188,150.595801
-38.309981,142.578219
-35.580551,138.597670
-31.217605,116.950396
-28.700630,153.132065
-24.995651,152.159238
-32.161067,119.723833
-31.515578,116.588561
-32.272469,116.170159
-34.051286,139.144734
-20.509389,147.836189
-19.541203,147.289299
-33.698897,135.650838
-32.061265,152.217631
-34.286685,135.718726
-25.530236,152.811018
-32.411390,116.605268
-35.283509,144.570420
-25.676520,151.251581
-32.553587,119.227371
-24.938255,152.168812
-32.100452,117.889199
-27.929227,151.841854
-35.864071,144.313822
-30.143464,117.645023
-32.248637,142.370249
-35.036114,150.588255
-28.417389,153.518975
-33.799515,137.736043
-26.805064,145.352942
-25.704390,148.427340
-26.315315,116.012199
-26.430097,147.308279
-34.502303,117.008131
-36.347552,145.479653
-32.753304,115.875402
-34.517359,145.012759
-33.710113,149.675098
-33.709598,149.830908
-30.875268,116.741130
-34.344630,146.216599
-38.087224,145.219020
-33.376437,117.579243
-32.654629,147.484745
-29.166602,150.566466
-34.841022,139.513654
-30.649191,135.409825
-31.773581,151.078587
-34.056498,151.032411
-30.144671,149.208578
-38.067639,145.493724
-37.191815,148.726604
-25.219084,131.367109
-33.810545,116.020003
-35.381190,145.639405
-36.727396,144.127731
-31.106719,144.175446
-33.480515,150.904031
-36.290123,142.825759
-32.591430,151.627520
-36.237550,141.771334
-32.507645,115.778372
-28.552788,143.834564
-32.335874,117.429703
-12.452757,130.935906
-33.958293,116.279902
-32.733107,151.273529
-37.882556,143.462333
-34.378924,147.834141
-31.862391,118.153780
-18.782129,146.133988
-33.618654,117.969630
-33.122725,117.108499
-31.140179,117.273080
-26.266350,149.557704
-27.860463,151.909969
-31.716618,138.539493
-35.928671,150.074693
-35.335460,143.722235
-30.926074,117.841298
-34.326728,137.745108
-33.978104,137.998589
-30.483221,116.034171
-33.573680,150.260564
-27.728673,152.936024
-37.866821,144.606504
-36.323039,140.207105
-37.267016,144.588082
-37.177648,140.808724
-27.893153,115.670932
-38.370959,143.244650
-37.642937,145.131623
-29.161692,116.066495
-36.484744,145.859304
-38.382804,142.691840
-36.243468,145.817432
-34.872411,138.862637
-28.077543,149.979971
-32.957816,137.982469
-33.311932,146.797566
-34.962431,139.293671
-32.035288,147.603776
-30.829701,117.049901
-26.437492,152.025135
-18.008927,139.271273
-34.601420,150.663009
-35.701615,146.334058
-37.045636,148.979746
-33.522637,137.063582
-27.101867,152.839020
-20.713393,140.781865
-34.187505,139.075060
-17.177084,145.887267
-23.207255,117.671398
-34.297684,146.186496
-12.400319,131.123058
-37.996008,145.459128
-31.529696,145.796955
-25.756307,149.857828
-34.811952,147.223166
-33.639238,117.747278
-38.166447,141.974607
-28.389500,145.744048
-34.146035,139.967833
-37.542953,144.300702
-33.716740,149.388282
-38.429146,145.821460
-37.067629,143.053364
-33.980055,138.093206
-35.727795,139.763497
-17.963080,124.842451
-38.254265,145.722758
-33.627829,148.628791
-28.142430,152.724416
-37.585344,144.116791
-38.333542,146.452741
-34.543117,137.650129
-19.484103,138.971980
-18.339638,127.529666
-35.163610,150.590384
-33.653727,115.395354
-30.998872,118.403149
-38.285357,143.481154
-30.905621,147.805496
-32.567368,117.110798
-36.028404,142.405496
-34.724862,137.519481
-30.853050,117.113131
-31.787426,149.561064
-37.942487,144.605270
-33.613427,115.626302
-33.702876,149.790496
-36.922234,145.475145
-38.294694,141.613740
-26.841995,150.776499
-35.763493,148.519697
-17.065586,125.249090
-19.790669,147.565357
-29.429520,115.561245
-33.159391,115.983502
-31.800124,118.219724
-33.017915,117.838036
-34.679002,139.079745
-26.633791,151.424291
-33.354233,115.958819
-34.267636,147.098487
-36.018454,144.901571
-33.643298,115.716312
-37.397719,144.748266
-32.004738,116.992934
-32.791829,116.694999
-28.784133,115.764652
-18.693072,139.433871
-38.003212,141.105469
-26.669991,117.484877
-36.712735,146.098052
-34.942483,146.973529
-31.936064,115.778452
-37.285732,148.717076
-37.995511,141.565834
-37.793319,143.093069
-25.646845,149.699505
-31.850098,152.626769
-19.412051,147.032930
-29.510085,115.055901
-16.008389,129.387610
-37.337804,148.229910
-29.817380,148.128719
-23.545379,145.178967
-20.874175,148.794396
-26.528737,115.935490
-20.024540,137.605765
-27.799564,152.734786
-32.072950,149.533220
-38.785190,143.446286
-28.943468,150.704838
-36.077751,145.291136
-34.833198,146.716656
-29.966181,146.391683
-38.347124,144.201518
-36.595000,145.048203
-34.616741,150.815785
-36.182879,150.114568
-25.609634,148.808582
-34.263577,115.269766
-33.914122,146.129369
-25.300863,151.395332
-22.877507,118.787426
-36.675348,143.877138
-32.394555,149.439615
-26.970116,148.599476
-33.139336,117.043498
-22.545072,116.107590
-37.892386,144.255388
-33.869603,146.465274
-31.579940,116.372866
-33.870862,116.249538
-32.845834,117.159334
-26.391193,118.603621
-26.787107,151.059687
-27.780793,152.730800
-36.702747,141.670090
-33.940981,115.192450
-36.265629,141.628859
-30.564830,117.353961
-32.076714,147.257432
-14.013396,131.336879
-30.121401,151.535727
-28.663727,114.849028
-36.935808,145.262526
-36.973600,140.328848
-36.449616,143.049977
-32.896181,148.042792
-33.648587,135.777399
-25.978394,152.005129
-27.498968,152.899419
-23.143257,146.674583
-33.363840,149.974953
-36.454811,145.167763
-31.602495,116.884290
-37.764430,144.864124
-26.237259,120.171856
-22.745137,144.844947
-28.399241,149.874086
-16.703264,135.552272
-30.496631,148.765624
-33.598824,116.384026
-22.068642,120.013380
-36.731688,142.903483
-13.311350,132.336549
-27.618488,135.481105
-31.516765,116.055891
-33.950916,138.837529
-28.278540,148.424035
-34.917986,117.693896
-31.054843,150.769809
-35.145815,138.805580
-27.955509,150.341503
-35.839972,139.383464
-37.349436,140.774412
-36.305043,144.431951
-23.644552,132.572094
-37.441912,142.858981
-34.410254,138.415937
-34.655494,139.131954
-35.064205,137.625017
-32.845133,149.805109
-27.950704,114.633919
-34.789535,138.624591
-30.317903,115.820292
-17.876900,127.831099
-37.095788,147.403879
-34.422625,144.799175
-28.077790,151.946865
-31.715017,147.091259
-32.728996,151.784246
-16.694193,135.618559
-38.100647,142.910671
-12.730809,130.989717
-17.588614,145.595632
-17.081113,145.816477
-32.467343,118.959580
-33.363032,138.216536
-36.378049,141.838107
-26.626947,151.841284
-34.656817,150.766156
-28.320593,153.346204
-34.835157,149.896745
-28.470545,116.809337
-30.713535,150.741086
-37.096069,144.254494
-28.350968,149.017332
-35.323937,140.472877
-32.245804,152.168398
-37.835302,144.328872
-32.294557,117.417045
-31.263524,116.175226
-30.785620,118.209332
-35.626199,146.770260
-34.308600,137.962781
-31.604119,147.630447
-29.788296,150.944924
-27.928268,114.613474
-31.547198,150.217695
-36.125896,149.033351
-27.523007,151.189035
-26.920174,150.937133
-26.195392,152.696713
-31.754954,142.336267
-37.605806,141.472103
-28.607624,115.442500
-35.403948,149.436582
-28.160694,150.134778
-33.064022,121.679305
-29.993878,145.024704
-25.236150,130.986296
-37.539981,147.864948
-27.515858,142.109140
-33.898978,150.647432
-33.019063,146.603115
-29.370257,116.009732
-26.293221,151.955160
-35.025008,137.017502
-35.603362,150.321384
-30.367418,143.790591
-30.837839,150.260528
-35.563645,149.555228
-38.413251,143.128343
-34.903682,143.495902
-29.942711,150.587812
-37.823773,145.032958
-34.637914,118.192138
-36.397628,150.004815
-32.962785,138.729698
-34.699725,138.673094
-33.903099,117.385394
-33.322798,149.030283
-15.031038,131.782878
-26.352646,151.452187
-36.437384,141.114537
-29.198550,134.954990
-18.038305,140.888135
-38.311450,143.675652
-32.803033,117.573494
-27.763889,149.730454
-29.889164,116.024432
-21.390160,143.674827
-37.630284,143.810113
-28.480147,151.641256
-32.082733,122.032487
-20.757764,139.845034
-26.034799,149.973489
-34.981555,118.039506
-37.256764,141.823269
-34.996570,149.816015
-34.729789,139.453200
-36.255009,145.404545
-37.824437,147.326355
-12.585813,131.178240
-28.611759,148.454414
-22.563344,133.331642
-35.370038,148.782575
-37.712045,144.262090
-22.757915,115.157264
-32.505839,147.106513
-37.660964,143.165418
-27.857336,117.916071
-27.050256,151.750002
-37.738704,143.889604
-32.938640,151.659542
-24.244337,116.404589
-20.227223,141.727375
-37.767256,144.762825
-21.742855,147.560155
-34.803903,148.337588
-27.212215,145.987239
-35.981260,146.371040
-32.214417,118.081466
-19.492558,145.802045
-19.150918,146.581606
-22.184485,144.554043
-30.612605,147.503977
-27.562717,152.542507
-36.257422,140.450151
-34.196866,137.595628
-27.136419,151.381800
-34.894107,146.561689
-29.897030,115.253172
-23.523207,144.850948
-35.141378,148.224682
-38.070961,144.295837
-23.248267,148.271539
-28.936178,153.487972
-37.210058,145.075475
-27.110557,115.894268
-30.778136,116.384336
-31.188473,147.110884
-33.812820,120.892628
-20.017434,137.333780
-33.835252,115.052359
-30.991879,146.761035
-31.755381,147.561345
-28.591572,135.896000
-32.554485,151.620918
-36.241194,144.085633
-36.696627,145.876332
-28.875481,153.137403
-29.369283,153.262691
-31.845147,143.004295
-33.485556,150.160499
-33.057740,117.227078
-33.580330,150.193011
-34.672618,138.897281
-27.960472,153.038976
-37.675220,142.154004
-34.219670,117.362134
-36.006938,141.999370
-33.873031,146.182533
-27.439348,151.422242
-36.069876,149.030645
-31.908993,147.628074
-22.212320,149.496323
-28.803340,152.954411
-32.392140,148.829619
-26.929185,151.474115
-33.103286,118.583110
-38.208248,142.540280
-23.141432,113.778515
-32.451620,118.163520
-28.706551,114.651861
-22.578474,144.519860
-32.926820,118.736030
-12.558930,131.082422
-33.938874,115.299102
-33.300756,142.933511
-37.432281,143.813024
-24.708853,149.449596
-33.537014,151.288681
-25.612235,151.493607
-28.167071,153.064184
-38.185868,142.932627
-33.669539,148.568741
-31.951269,149.416751
-32.837812,147.259101
-36.932358,149.514794
-31.492813,150.693785
-32.989280,151.522394
-37.751616,144.993602
-29.945870,146.694206
-26.049221,116.152944
-26.395459,143.775451
-30.795695,149.961527
-35.078617,148.399353
-35.300916,139.640965
-34.192426,116.035409
-31.378999,151.193457
-28.972210,147.774635
-29.137217,138.409534
-25.743334,113.523653
-31.594176,116.824400
-36.313293,145.281772
-32.366905,142.415688
-28.089940,145.548184
-17.327960,145.609120
-32.312077,115.733934
-21.415442,149.158762
-33.017498,138.001630
-35.355935,139.033844
-36.715521,145.350193
-34.056901,139.064104
-38.386286,142.777868
-33.104544,136.454710
-35.541316,149.135412
-34.816289,139.047705
-15.592321,130.966358
-28.904729,153.543046
-33.804498,116.668965
-35.531271,138.456702
-36.516686,143.242672
-30.011698,145.073844
-26.789436,143.008937
-36.449413,142.408997
-38.105427,145.331295
-12.682549,131.009184
-36.457423,146.400554
-34.011913,138.815014
-31.932381,117.068560
-35.440916,146.944178
-32.680255,116.033624
-34.822658,145.875648
-33.375248,115.635116
-31.539266,143.362415
-20.748067,118.235463
-34.141600,138.150202
-29.133189,116.098778
-38.263393,143.105996
-32.383923,117.687355
-33.353704,145.139114
-15.050227,133.077948
-34.484469,150.788858
-37.355684,140.433961
-37.026831,141.029370
-33.103301,146.551985
-35.314164,144.202095
-31.554289,118.380232
-31.938306,118.395922
-37.488770,142.849517
-36.657516,145.272956
-34.770808,118.183857
-35.651855,144.398024
-30.472191,115.373150
-32.478582,117.283519
-25.742766,146.772155
-29.934394,115.972920
-31.155613,147.335985
-36.297357,145.032067
-31.899575,127.005991
-30.311357,115.091926
-32.749897,116.669306
-28.795899,150.248467
-37.560714,148.944358
-27.673800,153.225998
-35.627171,145.827611
-32.855568,135.155844
-23.613100,147.622089
-31.372084,149.626928
-15.494241,128.135666
-33.715506,150.293549
-34.662246,140.729194
-20.525514,145.397563
-24.947675,152.251978
-21.235103,118.699325
-32.439332,134.550991
-31.332650,117.791981
-33.203598,117.176763
-37.968529,140.967348
-34.253389,137.943950
-22.515500,143.379906
-31.232911,149.337798
-34.029741,117.174808
-35.258813,143.094774
-28.482312,153.245039
-30.928443,146.851181
-36.615976,140.702167
-25.888825,152.511848
-24.763617,151.173034
-32.564184,151.199964
-26.692383,152.471601
-34.839378,149.951687
-37.593604,142.166517
-38.195094,145.327079
-19.480545,146.855495
-36.713162,141.857899
-25.862663,120.056843
-24.182391,144.481050
-26.390942,143.779653
-37.322184,140.698004
-33.211908,136.541767
-31.181651,120.472907
-27.514805,142.074011
-31.998591,133.670251
-32.005542,147.916092
-34.246207,115.412099
-27.431755,152.984220
-17.277268,141.630700
-35.561317,150.375622
-29.234811,150.440210
-36.624888,139.918817
-36.082186,146.906416
-33.631719,122.427083
-38.029427,146.178708
-36.133880,145.298401
-38.168960,145.550553
-36.731039,142.376578
-29.450501,149.666193
-34.954190,137.601393
-15.466892,133.190593
-37.535710,143.538699
-20.664378,146.293525
-36.638444,149.823197
-35.209992,148.335228
-36.971535,139.775164
-35.397715,149.837422
-34.505781,135.561992
-37.194132,142.522086
-31.618585,150.204414
-30.462516,151.786743
-35.578720,138.562010
-38.245643,143.709495
-34.361033,116.864913
-33.345517,147.063648
-21.530984,143.547297
-25.045454,151.885291
-38.115042,146.045001
-22.209867,142.124766
-26.470259,151.140218
-35.648116,149.004438
-37.719953,144.835430
-30.275210,115.187571
-37.872037,140.778959
-36.826892,147.069898
-35.670959,145.888955
-34.845381,138.962146
-36.642580,145.969478
-25.811083,151.375010
-23.478635,150.382311
-34.435855,116.504809
-37.151648,144.973377
-31.843434,152.753161
-27.007061,151.850046
-20.742568,140.645732
-32.664890,151.347877
-32.419512,137.673698
-32.858838,115.878437
-27.311254,151.153369
-35.438849,144.203335
-34.882533,147.885328
-33.380033,147.988823
-23.219905,148.300755
-37.214662,144.344481
-38.033845,145.120135
-28.056142,152.481965
-23.282581,150.515170
-28.715497,114.676213
-36.473922,146.005020
-26.391980,147.995458
-31.403649,152.254716
-27.496829,152.066004
-20.034547,138.768212
-37.937708,140.485922
-36.408398,145.949614
-35.254361,142.936961
-34.929060,150.384794
-36.107666,148.653172
-38.300828,143.018453
-28.136000,152.006158
-35.190240,145.784895
-32.534484,115.703675
-30.474326,116.128090
-27.285648,151.103362
-28.869836,148.856354
-27.405765,152.020904
-32.099707,119.185772
-33.651900,148.920230
-34.185038,116.080999
-35.257929,147.930362
-32.177095,115.808833
-27.143975,150.158823
-37.017891,145.250142
-27.582984,152.392969
-34.208981,142.118386
-35.230635,140.928488
-22.059390,149.492706
-29.592305,150.885196
-32.223436,116.289862
-13.623646,132.197393
-22.683183,144.338027
-27.090414,152.881666
-14.915747,133.059010
-38.014005,140.897346
-32.096180,152.044847
-33.183687,118.091493
-20.656846,141.554193
-32.714903,115.796994
-33.183395,144.059618
-37.664769,145.102707
-37.061326,144.290718
-35.488658,138.331799
-31.433146,149.272534
-12.975235,131.208923
-33.765241,151.019762
-34.004212,115.910893
-34.989667,148.242131
-30.170379,115.386706
-33.276085,136.348484
-38.316145,145.732231
-31.457587,116.685498
-29.151919,153.291537
-33.648468,117.426588
-20.269895,142.862041
-34.319000,143.589727
-32.727027,151.363488
-30.161266,153.097310
-34.398733,138.995463
-25.893195,150.150119
-29.583282,115.145989
-27.952262,153.004215
-32.147555,115.961350
-28.389375,149.049866
-37.255602,143.222241
-37.797621,146.674338
-22.213033,142.286144
-31.645943,117.372347
-33.747828,122.922037
-29.193602,152.901397
-36.298828,145.106645
-24.222366,148.243064
-32.034307,116.805462
-32.846909,144.264308
-17.524129,123.738707
-33.964918,138.646206
-37.652669,142.418687
-33.696924,151.218098
-27.279216,150.387259
-37.558015,145.238816
-33.701607,144.266142
-22.102423,114.004317
-31.270297,118.070891
-26.663774,116.736595
-28.020147,151.587469
-34.580436,138.927972
-34.228354,146.339435
-33.809016,116.799451
-22.973766,119.996272
-38.489791,143.200988
-34.762418,150.007984
-28.887009,153.184094
-30.616503,116.509076
-32.463365,142.727093
-27.551331,152.237014
-38.101966,145.141095
-33.876468,138.356074
-36.370875,144.256197
-32.203431,142.417302
-32.223553,116.136737
-27.032763,133.437949
-36.878085,143.548252
-25.722805,141.076510
-35.844866,148.128522
-24.004243,151.267971
-32.273064,115.694316
-27.099166,152.913046
-34.996725,149.223331
-35.115308,139.035362
-26.393678,152.954082
-21.751207,117.820695
-37.872318,147.574141
-26.597454,151.846524
-37.780538,142.806780
-18.820688,139.861095
-32.178845,116.646728
-35.973800,146.026503
-33.774413,121.093752
-34.151976,148.876313
-28.928998,151.932043
-33.376363,116.269321
-33.278673,118.621023
-33.790358,116.494180
-32.584505,151.265219
-37.091022,145.498874
-35.945581,144.259163
-24.316853,149.431507
-33.669763,150.688785
-35.013956,137.461272
-32.116632,149.183999
-31.197031,148.746816
-37.373253,143.882935
-30.175271,151.117344
-27.407169,152.991148
-32.879060,147.702653
-25.021915,149.514161
-34.384958,117.639326
-36.912231,145.180089
-37.820456,140.749508
-37.169017,149.573481
-33.345219,145.736980
-30.905972,116.779576
-34.608349,117.563058
-36.547464,145.028669
-26.905150,150.884549
-32.882280,144.286026
-34.275404,139.389043
-15.478330,145.199464
-26.741999,152.464095
-38.086209,143.890842
-29.351508,138.308732
-35.139328,139.255554
-24.899070,152.335856
-27.970728,151.525891
-29.362067,117.283945
-29.043287,151.821379
-34.228988,142.183765
-23.608824,150.605707
-26.724201,151.992701
-29.078777,152.008525
-34.921566,138.654565
-25.057502,115.260599
-32.962353,149.087107
-38.222212,146.726771
-34.093317,118.569562
-32.755288,117.993931
-34.542910,117.479049
-30.365406,149.834607
-38.066278,142.836511
-29.827544,151.050009
-25.833377,114.301279
-31.352232,150.188932
-31.130571,151.010525
-17.589115,145.616462
-35.378319,149.809708
-36.504796,144.140440
-34.404655,146.950662
-28.093831,135.771498
-25.106528,133.199168
-31.036925,120.832457
-17.960346,140.904524
-28.593923,153.250009
-28.158505,153.473195
-31.376575,131.474973
-26.622924,151.721875
-34.740949,140.037950
-34.666257,150.764320
-16.239103,128.322345
-27.301441,151.640235
-32.899457,148.037899
-35.611873,150.074333
-36.099115,145.756170
-36.521023,146.095028
-36.425485,147.046207
-38.232280,143.318024
-35.251623,138.928492
-18.733911,125.952225
-31.829418,116.279007
-37.733258,147.781239
-18.720250,144.198417
-35.224493,149.042554
-29.039146,114.868263
-36.782453,149.269827
-34.178426,139.053780
-31.830222,116.256529
-32.736364,115.925838
-16.504375,145.379685
-37.963833,145.105748
-26.850515,152.994471
-33.401221,150.039921
-35.184507,149.024771
-32.822275,117.157329
-36.278493,145.204690
-31.468281,115.933670
-31.787200,116.411076
-35.905292,146.910314
-31.907451,133.203173
-26.586518,151.967687
-37.833180,142.662892
-33.843560,116.332692
-37.887783,145.485221
-36.055189,145.689089
-28.351988,148.493467
-35.037130,148.077457
-34.970400,117.061968
-33.907451,150.938672
-36.797460,139.908996
-34.803961,137.689136
-26.224826,113.792389
-37.492291,143.723621
-21.270493,148.995360
-31.673055,152.605914
-33.491309,146.830049
-28.801957,150.586059
-35.054108,139.241262
-34.070970,115.844761
-33.696795,149.842644
-27.591270,153.014982
-33.379165,150.010181
-31.466681,152.731379
-32.987699,116.524487
-35.407995,143.267248
-32.742873,116.149315
-28.701131,149.154768
-31.867862,117.048839
-27.445263,151.766675
-36.077186,145.877562
-37.736437,140.693868
-31.825002,132.398370
-32.961758,117.673796
-37.824587,145.027848
-34.465756,137.674279
-24.597366,149.915660
-37.174122,140.922748
-32.247531,116.462016
-31.619960,150.477489
-22.775546,116.522253
-34.516985,144.320131
-27.396370,151.453065
-34.072397,115.100876
-28.485528,150.473190
-36.956985,144.559415
-21.979284,148.008618
-31.998680,151.834511
-17.378105,128.340920
-35.074701,145.788528
-32.980286,143.527478
-33.810871,151.110638
-26.711486,153.038480
-38.197402,142.253498
-17.579581,135.690657
-27.263627,153.079715
-32.483250,117.283502
-37.555812,148.560941
-36.253265,145.431831
-31.448754,116.602758
-19.780900,147.274962
-29.638863,152.775543
-25.790247,150.070005
-33.708591,151.031021
-36.293530,144.232059
-32.341759,152.206536
-27.079201,146.028269
-28.558141,153.537015
-34.090049,150.511037
-34.724344,138.631695
-38.685517,143.472363
-33.015855,149.583864
-34.264481,135.957875
-23.628268,148.875435
-28.729104,151.851944
-31.261533,115.854860
-27.807582,151.364424
-19.433334,134.206970
-37.797691,142.445607
-30.902782,117.274815
-33.026753,115.985783
-38.559975,145.917246
-27.762936,153.200249
-21.753248,147.807942
-35.060400,148.100690
-36.621390,145.623032
-35.470705,138.579225
-28.550516,135.877464
-31.305617,116.119358
-26.807368,152.897233
-23.417525,150.413876
-20.537494,148.651748
-27.161119,152.213457
-36.960410,144.238382
-33.339689,150.975060
-34.439472,148.446067
-31.367977,116.540236
-38.002780,143.031728
-23.244063,150.823112
-29.664685,149.156112
-30.515799,152.019993
-27.809468,114.797335
-32.703092,151.829209
-27.890426,151.723739
-32.819936,150.031278
-35.118625,147.382278
-13.256470,131.113048
-30.236934,115.350168
-37.275603,140.827671
-32.500398,116.668828
-36.279959,142.421477
-27.893228,153.123520
-33.997236,115.863190
-24.857384,113.696280
-34.505881,116.079518
-39.013290,146.299290
-17.120511,145.760476
-14.711523,132.065192
-31.722620,150.403266
-31.681209,116.884923
-33.606910,138.153003
-27.259876,151.161727
-27.524393,152.156452
-38.320128,142.593805
-38.143425,145.283797
-37.035398,144.762976
-34.569163,135.777660
-36.983970,140.357868
-35.378014,138.608158
-28.636161,150.439358
-21.494058,143.582954
-26.178287,149.239163
-29.540542,137.300872
-25.318359,152.513949
-34.507426,140.559915
-28.031506,135.100519
-30.461382,117.925966
-35.067031,143.572209
-32.865495,139.100490
-31.401481,116.059657
-34.965686,137.519991
-34.283844,137.978877
-28.391446,114.645533
-29.760896,151.765156
-28.084587,152.042628
-37.283853,141.665920
-33.844936,151.203731
-35.550947,145.564965
-30.538430,151.728264
-29.266482,152.617882
-27.160566,152.836369
-21.399473,148.165149
-35.679536,146.328093
-34.113081,137.831093
-27.568977,152.937393
-32.301720,151.418911
-35.677304,144.069922
-34.921094,138.583628
-33.337622,138.060035
-36.438173,141.152120
-23.724821,148.883515
-33.804398,138.253953
-27.594704,152.886147
-38.733405,143.402457
-31.303130,117.838697
-32.070141,150.934941
-33.404595,149.613417
-35.389027,143.834020
-33.742646,145.168735
-29.482183,152.692999
-31.725015,144.015370
-28.553543,150.864351
-35.456458,140.076079
-35.178433,141.824609
-32.445961,137.976778
-38.250904,142.761897
-34.219280,142.207166
-26.574804,152.022830
-34.810928,138.750276
-37.965845,143.184128
-34.435315,149.475072
-28.550855,151.877454
-32.949188,146.076578
-23.659007,139.623260
-36.197768,142.773267
-30.591852,116.120291
-30.467467,117.951180
-34.859979,138.610205
-38.186665,145.118313
-33.400516,118.331498
-36.247387,146.427679
-28.815516,151.853990
-26.668314,148.006471
-27.441083,152.078241
-34.223175,150.998083
-34.504383,144.793323
-27.746617,152.608942
-28.816900,153.425221
-32.550977,137.748992
-36.836656,141.962825
-34.001321,151.028291
-34.397951,119.373074
-32.425133,150.306683
-34.046534,115.651709
-19.977108,120.132808
-28.755478,114.652858
-35.148926,137.158420
-23.551847,119.761251
-38.045095,145.933025
-37.650995,148.102176
-17.168714,145.441953
-27.234212,150.178501
-34.119078,135.827657
-33.925052,150.699295
-34.426509,139.029380
-26.428853,152.190559
-37.753624,140.856395
-33.598559,151.276598
-31.982344,118.043836
-26.768450,152.964143
-28.915577,153.481616
-31.464868,117.020890
-28.833867,116.203371
-36.828519,142.687846
-35.738754,137.944033
-31.714882,143.926353
-35.080700,150.572658
-31.005495,151.632513
-33.531462,150.350740
-36.037695,145.291019
-23.754803,146.706073
-35.252086,149.679223
-26.589940,149.219648
-34.603051,144.659458
-33.462939,138.619483
-34.759898,149.663060
-34.037120,116.206497
-26.851720,142.971254
-35.928709,149.315200
-31.430762,152.623119
-35.437227,140.793072
-33.846010,138.066182
-37.168386,140.612045
-38.453693,142.696568
-27.318844,151.784001
-36.369912,143.692424
-26.945777,152.387068
-37.633309,145.312111
-22.172298,118.107026
-20.250407,134.224669
-22.727999,147.901464
-33.991541,117.969751
-17.658954,145.960915
-35.390624,145.366107
-17.137944,135.739284
-31.471477,150.100536
-26.174614,116.525069
-30.632068,151.536408
-32.919639,138.679128
-26.784045,152.803385
-31.641351,132.075881
-23.037521,149.022629
-36.151420,148.958667
-32.538237,115.833728
-29.129718,150.703076
-33.922629,118.305852
-27.573506,144.321599
-33.968745,142.616470
-32.415727,119.712730
-35.133727,138.757269
-33.968069,150.810567
-26.101927,152.527543
-27.844198,151.304041
-33.776942,151.293605
-32.059359,118.059294
-28.024817,151.801881
-33.860057,146.916268
-33.449281,146.395885
-37.245125,145.494357
-35.931816,147.407961
-34.371993,115.974246
-33.739964,150.899718
-32.429806,124.163058
-34.064189,145.523802
-29.126902,138.412677
-36.331603,145.720723
-17.403470,145.914980
-38.030894,145.589228
-25.234572,151.976823
-35.752191,136.760603
-34.126989,135.840849
-37.445118,144.594558
-35.884522,145.833085
-38.369304,143.693969
-33.093637,117.649439
-34.957168,143.229818
-32.621386,148.935281
-31.745421,147.542479
-31.540065,116.447402
-38.240207,146.506074
-30.397358,152.285178
-37.746791,147.757122
-36.654966,145.513475
-33.776128,115.585459
-35.130810,143.357912
-33.754529,122.723127
-36.226696,149.067359
-33.825446,142.106407
-36.949104,144.004010
-35.257377,143.183604
-36.357295,145.340607
-27.288542,151.763726
-32.674137,118.136353
-35.984428,145.271740
-34.100701,147.754002
-38.045223,143.857418
-37.065506,140.125381
-26.746264,152.863405
-28.454204,149.926893
-38.204090,147.383579
-34.141514,149.219104
-33.557083,122.120648
-26.979462,120.366552
-22.059076,118.101176
-34.864839,137.704875
-31.826776,148.953811
-33.747310,151.133490
-36.345255,145.577370
-27.243709,150.102671
-34.529764,137.588340
-29.831784,116.330229
-32.090373,115.757366
-35.390375,149.207659
-37.957929,144.471624
-29.743703,121.055532
-25.998259,152.627589
-27.344447,152.631657
-33.021072,135.423127
-23.317542,150.353392
-38.441509,147.054225
-36.129419,144.430321
-38.575368,146.571833
-36.889428,145.854018
-33.295397,148.084409
-37.947284,141.202260
-36.299029,145.218287
-37.647115,143.881336
-31.500556,118.215644
-32.321930,134.224234
-28.504039,153.473569
-35.828041,147.670681
-36.918548,140.743445
-24.179004,133.495440
-35.044052,139.402247
-33.660551,115.303155
-34.480704,137.752062
-37.182524,144.998007
-33.158283,118.186013
-22.844147,113.940743
-32.050220,115.923221
-34.954369,146.689887
-23.135197,150.739758
-13.705942,131.953579
-37.329286,141.390891
-35.529323,139.771889
-33.613439,118.231379
-31.940468,149.806562
-26.881601,152.296301
-33.653824,115.533734
-34.448090,116.497666
-34.712031,139.124465
-35.499584,144.936710
-33.207844,138.304493
-31.459256,152.689491
-29.047542,149.185831
-35.741808,143.891800
-37.999640,145.877703
-35.989631,143.873974
-31.964825,118.059938
-20.430651,142.645971
-34.440871,138.278488
-37.713689,144.815976
-22.764656,117.498331
-36.026534,146.784355
-32.148629,133.391652
-31.248138,121.482082
-31.114667,117.784584
-26.672220,151.479525
-32.401360,117.020433
-27.508173,152.489798
-32.101629,149.856931
-24.925668,152.377255
-19.747289,147.502520
-26.429168,153.046926
-35.329590,138.748985
-20.210460,140.240803
-27.567904,153.219524
-31.832104,146.360518
-30.925195,150.655219
-37.918167,145.963349
-36.146132,144.131565
-19.918792,137.977922
-30.526342,151.922796
-20.438756,148.692855
-34.903037,138.915235
-34.445211,142.331708
-33.280812,138.046368
-19.441132,134.318542
-38.097329,143.378578
-35.393958,147.013155
-38.007034,143.270021
-34.692455,139.421837
-29.040593,152.531436
-28.324763,153.319739
-25.556019,152.058441
-37.142622,142.240652
-25.775829,152.954042
-35.251235,149.784283
-36.423901,145.152174
-27.482868,151.838864
-37.829078,142.345840
-35.706619,145.802256
-33.235564,147.063174
-33.269005,137.193803
-37.840815,145.474409
-20.330263,141.664287
-34.955181,149.161703
-25.554507,152.497229
-34.007978,145.617808
-31.413639,118.430587
-38.249897,144.344771
-34.234812,146.290253
-37.524982,142.099552
-37.685880,143.542492
-38.114222,142.659320
-33.861479,148.858014
-37.638297,144.889743
-35.060069,142.500941
-31.911456,116.161176
-32.181512,142.048130
-27.869870,151.533024
-34.350058,139.630286
-27.992743,146.769461
-36.319489,141.704909
-34.644723,117.962482
-33.731873,151.150998
-30.519007,117.157498
-37.418024,143.129155
-25.588432,152.693279
-33.482926,151.397054
-26.887527,152.915715
-28.613084,152.592215
-34.491198,150.880258
-36.835041,144.923943
-30.933298,148.433743
-36.301230,140.478181
-29.450008,116.017945
-24.579699,148.911579
-24.544842,151.355689
-36.194230,140.869454
-24.367784,150.582216
-21.438880,121.701236
-30.111638,116.836116
-27.996536,148.541822
-36.767289,141.106416
-30.313683,117.822506
-27.894290,144.732549
-36.236832,144.855495
-34.955958,146.025720
-25.671907,152.597578
-36.967927,144.402792
-30.886178,115.630810
-36.837378,144.138137
-26.677242,150.379967
-35.707394,148.999656
-38.095709,146.818839
-33.752653,122.786638
-33.293027,135.622471
-24.379704,150.255256
-27.255570,151.200505
-36.871812,145.749726
-28.210784,148.591639
-36.211497,142.845966
-27.380426,152.874044
-21.864417,144.649530
-26.982743,151.171519
-36.197777,148.774349
-38.039650,145.270117
-34.435578,145.575137
-34.936272,137.039827
-27.084085,116.409347
-31.338470,149.376490
-28.587318,144.916459
-33.965063,137.597384
-27.526909,152.706050
-36.750737,142.121691
-37.321939,140.634428
-36.059677,143.116268
-38.418086,143.569011
-35.321311,144.318868
-34.613043,137.852118
-32.359927,149.920273
-31.553129,146.474997
-17.310980,123.631082
-37.014758,140.679889
-36.661311,145.494486
-37.795748,141.970770
-38.020138,146.881455
-38.368722,143.953184
-24.658935,145.920798
-37.636222,144.462906
-30.185665,151.678983
-35.180985,138.880826
-35.736714,142.292679
-29.508661,151.679759
-33.594132,149.767694
-33.795623,150.853603
-37.755678,144.997645
-18.493747,127.396897
-32.246153,148.339361
-30.953483,150.534471
-21.412353,121.625339
-19.915955,147.815028
-17.354661,145.926601
-38.421750,143.092139
-34.846424,139.153752
-36.878818,140.774367
-31.075171,150.181326
-35.102480,139.901549
-34.658172,148.953002
-29.171002,141.950208
-18.801670,139.722140
-32.578345,116.988956
-35.927106,145.591996
-30.798594,116.869314
-27.081421,152.915893
-32.926509,148.210936
-33.265471,115.775416
-35.209382,139.573052
-28.545795,153.284500
-33.010942,149.710623
-21.083539,118.682415
-31.068544,150.198913
-32.539010,148.258939
-37.581121,145.149570
-26.630806,148.450037
-24.381480,150.552387
-35.497453,138.789174
-33.542908,117.509827
-33.563363,117.308202
-30.440981,151.959906
-34.924470,142.307545
-38.290442,146.587750
-32.774046,148.143978
-33.878517,116.459462
-33.729933,116.308460
-34.536207,138.758583
-22.507949,144.832441
-33.098296,121.691283
-30.959961,121.188291
-21.144800,144.602002
-20.662695,146.292527
-28.560717,150.317500
-32.336475,142.412822
-35.635119,142.796072
-29.802833,116.994306
-27.626721,142.888076
-35.805592,137.133676
-38.546665,146.697292
-29.646525,151.045374
-35.870713,147.153630
-36.739143,140.943376
-38.172638,146.804932
-25.110777,113.830760
-25.956873,133.228649
-27.170987,152.865336
-28.034135,152.643399
-34.799694,142.610864
-38.028248,143.980002
-32.791911,148.016936
-35.124936,138.803848
-31.404929,150.649202
-32.909810,148.127456
-12.572298,131.148450
-34.536106,148.283363
-37.451722,144.472410
-35.816191,139.968042
-35.989370,144.564121
-16.886047,145.411654
-37.930519,146.649113
-38.065935,145.922728
-29.430303,151.846703
-27.696251,152.468746
-32.666224,117.328200
-27.430574,151.506804
-29.544004,150.661544
-23.748920,133.924114
-26.203838,152.780503
-29.902729,149.906902
-34.589026,138.687618
-36.362965,140.616388
-36.880658,145.655757
-30.552539,146.846251
-20.358584,148.578363
-21.264818,139.716729
-30.676200,150.120245
-31.499944,152.900308
-18.760879,139.676478
-33.368277,142.755856
-28.693367,150.860388
-33.526264,118.070681
-17.389958,145.900986
-32.933114,151.133351
-21.402476,145.043839
-33.492422,148.960209
-27.592237,153.304620
-37.710303,144.987971
-30.052406,148.098925
-37.723709,145.396229
-32.671410,117.113729
-26.457703,114.133371
-32.072396,122.625101
-34.595996,118.526046
-30.228289,151.820658
-33.142696,117.030405
-35.069062,150.407168
-37.619767,144.747136
-34.406407,118.964247
-35.011957,117.313396
-36.221263,143.955612
-35.863614,150.004064
-28.133845,152.717981
-32.446962,116.315277
-13.729581,131.717955
-38.239705,144.184991
-21.579490,148.580732
-32.499013,147.969436
-31.487364,150.700158
-34.874459,138.500259
-37.178478,140.567571
-26.064890,116.731614
-36.891574,141.578798
-31.026290,152.892621
-35.046227,138.964987
-36.759956,143.609109
-35.584430,142.854318
-24.331654,144.938218
-26.258664,149.725863
-38.619909,143.067193
-37.071358,143.067996
-37.637282,141.499504
-34.049318,146.378451
-26.239161,151.970758
-37.801247,140.627398
-37.110534,141.168244
-27.537427,152.455394
-35.030642,117.737209
-36.411801,144.908728
-35.558928,146.145738
-34.922913,148.166234
-34.034934,115.172722
-38.157672,145.191300
-33.831481,118.478995
-31.495082,116.361855
-32.028660,152.391485
-30.918277,143.053834
-31.846229,117.011646
-17.791552,127.802357
-20.758388,143.985572
-33.734093,117.595518
-34.094536,142.010150
-34.632791,138.903793
-26.533439,152.978359
-32.051711,118.897653
-31.295827,146.851218
-24.655014,151.898919
-37.448851,146.204229
-32.317115,116.158209
-28.172471,153.404389
-32.979201,116.434367
-33.484804,150.926138
-35.053553,146.213236
-34.898800,140.153319
-33.658359,137.097393
-31.759251,152.325633
-32.702387,149.659055
-30.121897,135.195189
-36.010280,143.664699
-23.786117,133.019492
-31.162717,116.181903
-30.188664,150.325989
-31.785165,116.531920
-37.554720,147.197397
-34.843731,147.729694
-35.783344,143.128559
-38.527482,145.853906
-35.248635,148.949120
-17.005826,145.512256
-29.661109,148.384466
-34.772405,117.776338
-36.143434,149.220454
-33.853560,121.772840
-37.929485,140.796671
-31.187466,118.156031
-27.950750,153.158549
-29.838265,153.208043
-33.801745,151.200485
-26.303134,152.965853
-38.121116,144.198784
-34.575276,117.716419
-33.339430,115.722838
-36.935289,140.717948
-34.387623,115.927395
-31.776077,146.580727
-26.164760,146.948745
-25.701881,148.498843
-18.010988,145.977891
-27.090162,153.162138
-22.513554,147.858496
-35.365836,148.271236
-31.110733,119.233158
-34.773086,135.818314
-34.548186,146.420435
-34.471417,137.665691
-30.027423,116.755397
-22.488268,119.018281
-38.534321,142.941562
-34.383336,139.046947
-26.377384,115.967154
-38.536027,145.339105
-35.520661,143.731419
-32.168315,125.682690
-26.882252,151.445468
-20.513361,118.501877
-27.056912,152.834039
-34.541163,149.743169
-35.733442,146.339764
-34.299237,118.562253
-30.208372,151.651359
-27.543495,115.181865
-38.497366,145.528829
-29.251938,114.944263
-32.481867,116.968443
-31.248350,116.622296
-33.128802,147.573599
-31.285563,118.240269
-28.425586,116.111774
-30.233535,135.254800
-35.340547,140.515418
-37.454809,143.540604
-38.498322,143.728247
-24.902966,146.256689
-38.053399,145.573921
-35.348439,145.585115
-35.018420,137.729297
-20.689260,142.476655
-31.159382,115.971311
-30.441704,117.605908
-20.487279,148.562805
-37.591202,140.806687
-32.215311,147.389710
-32.061297,148.210752
-38.087322,145.659363
-23.264700,150.394335
-35.989612,147.039914
-34.735613,140.522004
-32.976000,117.491642
-35.039587,138.898376
-35.182695,138.718597
-30.216663,152.955357
-24.991711,151.625043
-23.606874,146.162865
-37.030110,141.719573
-31.807549,115.986766
-32.591299,115.880311
-19.964406,147.952069
-35.133072,138.492597
-36.843018,149.496017
-30.864773,117.994958
-34.605256,117.334912
-32.172655,117.644041
-33.742030,121.702053
-36.061267,146.918418
-26.337998,151.754909
-34.563641,148.495606
-30.949665,148.055708
-28.858440,151.880730
-34.996378,147.232660
-32.289803,116.081424
-38.207433,143.245288
-37.543433,140.426507
-36.804546,144.302442
-34.368001,145.439428
-34.809541,148.895560
-32.846096,138.697306
-37.947705,142.062389
-32.714875,115.808182
-31.584500,145.020392
-35.696225,146.761280
-33.616436,120.392599
-34.644030,148.221560
-36.025875,141.097229
-16.777598,128.280819
-34.144138,135.903517
-28.650070,153.341234
-32.184743,117.484278
-34.528624,149.705292
-34.378924,115.849463
-31.978313,152.109334
-29.324707,152.998231
-24.307397,133.445362
-24.101564,143.253741
-37.734991,144.372659
-25.658666,140.103537
-28.935330,115.516485
-27.395993,150.800149
-27.735613,152.531655
-34.387950,138.777313
-32.189979,150.332626
-28.833242,151.936008
-34.972629,149.902599
-26.511204,149.262514
-36.620653,145.415978
-31.303951,151.714376
-34.977123,137.625764
-37.310773,144.228888
-36.919163,149.189595
-21.567408,141.016258
-36.768729,145.880517
-35.415546,142.446325
-33.889704,151.102697
-31.949899,117.686596
-37.755915,147.260448
-31.691970,149.330357
-34.729739,140.117309
-28.786676,115.516110
-34.540908,116.001719
-35.802840,146.688363
-38.521736,146.219966
-34.736856,150.791287
-21.912752,148.942909
-26.368244,151.769897
-17.258203,145.472547
-26.865018,151.093079
-27.405299,153.104795
-33.059549,137.532894
-33.473574,115.858789
-36.724809,142.171087
-22.816044,148.688420
-30.595552,118.230378
-27.355896,151.603166
-23.852982,139.555610
-34.594694,147.942646
-35.516028,139.560679
-25.645149,152.792312
-34.018871,150.873696
-34.021010,139.758298
-32.545905,117.836983
-38.486804,145.220147
-28.679989,114.860013
-34.691823,148.125551
-32.635550,151.272445
-32.209816,117.188602
-33.649392,122.381217
-25.292716,131.962108
-23.730693,146.668190
-27.508932,152.547000
-28.163606,153.383598
-33.828314,138.475398
-33.248889,116.984636
-38.041653,145.209934
-17.424456,145.211709
-33.775346,115.014640
-21.191977,139.689940
-32.721513,137.507881
-25.029496,151.927105
-33.738556,150.722799
-35.723364,146.279498
-25.745157,119.907716
-35.472689,142.284355
-37.858895,146.911384
-37.272678,142.960800
-28.004817,148.731506
-38.578353,142.855491
-34.912589,149.874098
-34.921404,139.619980
-31.637137,116.867105
-33.233135,151.480155
-34.344916,138.549494
-27.052464,149.078492
-22.860212,144.621190
-37.678189,144.518468
-16.302487,145.389476
-32.651247,116.642611
-23.583281,148.191870
-37.604305,145.619502
-26.357480,118.615639
-34.321820,146.893558
-25.649476,149.427103
-32.201851,118.396888
-23.907668,146.562737
-35.264489,149.134665
-33.969073,147.279132
-34.265454,150.891296
-37.178799,143.745031
-32.006795,150.863905
-29.504614,151.449109
-34.018699,138.489172
-32.838093,151.623734
-26.196957,152.672554
-32.347071,150.563955
-34.605402,116.442891
-30.938706,153.018421
-33.797457,148.689553
-31.467678,148.972445
-27.427442,151.863902
-34.642623,135.447926
-20.800321,139.995928
-37.286418,141.558038
-34.502110,117.008120
-32.995621,117.419426
-34.187183,139.988088
-34.511689,117.022143
-29.036486,152.138316
-33.647976,115.980554
-32.785270,118.010096
-21.270718,139.731106
-30.941610,149.423623
-26.114855,152.676235
-29.174314,150.367973
-33.801907,150.973460
-35.971830,145.659912
-34.964276,138.749131
-17.865399,122.504860
-31.510074,138.614327
-35.118389,148.498511
-33.253890,144.588242
-35.217355,149.665684
-34.644195,148.638921
-29.149063,115.096743
-30.807016,142.890772
-31.940501,152.594781
-26.741001,151.608221
-35.856405,144.321767
-26.429590,146.175190
-34.381535,150.915318
-27.816768,152.731474
-32.755190,117.075032
-30.570844,151.763945
-34.533301,137.555729
-32.306015,151.424527
-27.632438,152.737582
-33.415994,149.183632
-26.649110,145.506550
-33.115860,148.148191
-20.944682,148.866134
-34.171802,138.995008
-35.438291,142.904459
-31.317713,149.775981
-24.373445,150.640971
-34.038386,116.214443
-36.547001,142.469213
-30.185467,135.203348
-37.080822,143.490498
-37.387412,144.999138
-28.223196,151.547341
-33.647779,148.968702
-17.100351,145.785070
-21.003712,149.155641
-35.083645,148.704552
-31.374342,149.267189
-28.365214,116.467479
-30.205731,116.036569
-25.270265,143.068188
-36.362695,141.027718
-35.727802,142.358615
-38.301442,142.360962
-28.019847,153.323375
-34.981623,117.631231
-35.155778,138.756537
-29.290802,151.142202
-33.766640,117.029890
-32.845146,115.983412
-33.603691,141.782925
-28.173902,150.241425
-18.909264,134.112486
-23.332867,144.160350
-32.271630,133.876236
-36.752971,140.048281
-19.535254,135.581483
-30.481587,117.185358
-34.554217,149.771158
-24.775846,152.400065
-37.229360,141.489549
-33.805405,121.816248
-36.540701,140.433478
-32.481034,151.086004
-38.450242,146.282167
-34.705681,149.305598
-33.380848,118.794683
-12.518837,130.977360
-37.071480,143.467706
-24.390063,145.530363
-35.891852,146.941375
-34.067710,138.062351
-33.874147,137.747543
-35.945982,150.152843
-30.150113,148.943015
-17.395813,128.272085
-34.304433,146.702855
-34.778338,148.108829
-20.670774,142.169305
-33.919737,136.551812
-28.402002,152.141838
-37.432601,144.739514
-31.601565,150.706242
-32.747992,147.367790
-33.286302,116.231044
-36.076827,143.324515
-34.317501,137.632745
-33.549004,115.029183
-32.959519,147.926874
-30.964673,151.463224
-31.842936,149.113530
-32.601484,148.968528
-27.781612,152.102616
-34.724072,143.894443
-30.430672,148.164427
-17.584174,145.857608
-32.537708,117.599393
-32.678905,152.165652
-37.116449,143.102072
-37.710928,148.443636
-32.662861,152.100557
-33.671747,115.133778
-24.653270,116.168155
-34.245978,116.132322
-29.999246,151.601780
-34.143983,116.007449
-29.161517,136.577323
-33.099817,118.936616
-27.631936,152.360822
-34.555200,117.519054
-31.662596,117.744550
-22.330251,118.570578
-32.006442,117.302104
-23.615103,148.179442
-30.252759,151.881739
-38.476352,145.730918
-27.984404,152.153724
-33.232427,117.281862
-27.837214,153.358722
-34.225753,138.732078
-20.395661,142.906133
-29.780075,151.662779
-37.795383,140.766163
-33.582790,122.459126
-38.120685,145.155509
-33.030089,134.857781
-26.443102,151.159215
-26.858863,114.630554
-28.425749,150.180197
-34.986993,137.759017
-34.907529,149.874937
-26.238071,117.176283
-32.847307,151.244446
-15.778538,145.287375
-33.159223,116.103398
-34.176384,136.153543
-29.626668,115.267292
-33.250232,118.109126
-30.214521,150.878495
-33.130074,151.454108
-26.618374,144.527659
-36.454829,145.120714
-35.794377,143.362580
-31.803714,148.203451
-22.485807,120.021426
-27.579921,152.590643
-26.610521,144.289325
-30.874736,116.790914
-17.245093,141.667500
-17.116886,145.832216
-20.406602,148.706082
-38.367223,144.956176
-29.904069,152.894787
-29.195045,115.934492
-36.194622,140.237418
-21.412457,148.959733
-35.972338,142.922329
-33.780768,146.223022
-34.494243,147.100830
-32.734718,117.173616
-36.752018,145.155471
-20.627692,143.067298
-33.634658,150.943440
-36.155161,150.095484
-34.467016,117.576392
-32.348708,115.852739
-35.588695,144.143115
-31.670679,115.983021
-31.430198,116.556873
-33.118265,147.723888
-31.874094,116.172423
-36.069906,145.620026
-26.054281,149.728013
-37.674485,148.310837
-24.672894,143.250734
-27.609541,153.153185
-14.621866,132.594874
-33.068932,137.537584
-38.286571,143.120153
-37.421581,141.931295
-34.179196,116.054540
-26.070298,152.595896
-23.089196,148.677855
-33.093764,118.234595
-32.341424,117.941839
-32.939078,138.994491
-24.295039,150.258326
-36.158631,139.995564
-31.791235,116.872962
-37.497150,144.043557
-35.196882,142.774333
-33.268386,138.373719
-33.684201,150.683302
-33.904658,143.707631
-37.531740,146.218623
-32.369696,148.805686
-33.975015,145.699040
-21.618387,121.175029
-36.344342,141.634784
-38.511008,145.970503
-30.511752,116.753726
-34.185749,139.996478
-35.046954,137.401099
-38.156404,146.144404
-38.597129,146.632025
-25.205582,131.307014
-28.510995,153.012422
-17.532434,146.058207
-25.322176,152.769461
-32.696817,119.381991
-21.467116,149.126501
-28.867264,148.927112
-35.087370,150.239061
-26.641964,149.862176
-30.842932,150.259596
-36.912215,145.212536
-24.796175,151.942648
-25.308907,150.436340
-32.766950,116.993400
-37.037399,145.145429
-33.573183,138.224697
-26.837389,153.032412
-30.785074,151.486687
-14.425864,132.316224
-35.435794,148.779500
-36.269816,145.889431
-24.525810,148.800777
-35.813816,150.180294
-36.126369,142.370142
-26.219281,143.316922
-31.975920,151.714122
-35.236316,141.387878
-31.424174,117.505304
-32.301427,115.996004
-34.998677,146.790299
-38.815240,145.948022
-37.871400,145.242445
-38.314142,146.595069
-23.099587,148.078849
-31.587464,152.440612
-28.365613,116.414764
-31.092218,152.780837
-27.650013,152.350334
-36.034818,147.607542
-32.744083,134.386115
-18.396582,144.754786
-35.054958,142.927948
-34.359548,138.461863
-37.855583,145.772662
-21.442953,121.706587
-34.566613,116.331275
-28.515665,114.783067
-31.729039,152.334708
-33.734005,115.118354
-34.221296,139.918589
-27.332451,152.395216
-31.388158,150.226640
-30.014173,148.405177
-35.882131,143.940222
-34.413960,117.352750
-27.046094,147.618043
-26.257662,152.672619
-29.060368,151.917241
-32.817839,115.717759
-20.867874,144.020247
-18.397670,125.740850
-33.417745,146.843103
-13.381708,131.146660
-27.643620,152.910928
-33.940104,116.994056
-27.428255,152.079299
-34.291609,141.597736
-23.737518,150.579565
-17.138725,145.419414
-34.992162,117.866988
-34.575655,116.161371
-31.874352,147.675202
-35.166445,149.038571
-36.251176,145.380997
-34.219304,118.856082
-29.786275,151.630602
-17.370630,128.040015
-28.474853,152.934306
-29.930881,144.852568
-32.682080,117.996275
-18.457128,145.903548
-35.566283,150.271323
-13.524242,131.207712
-36.358397,149.460611
-32.725922,134.825172
-28.867932,138.496787
-27.593605,151.943890
-37.835306,143.622423
-27.648582,151.971748
-34.683238,146.345189
-26.584657,151.862377
-20.742129,116.768699
-34.991115,117.220894
-38.443262,146.131070
-35.233524,150.481790
-37.033623,144.314552
-32.867250,137.948679
-34.095569,139.012068
-35.855039,139.390088
-32.047770,152.109244
-37.134593,149.944169
-33.765873,150.990515
-23.181591,150.294725
-29.453218,149.683852
-37.495451,144.012732
-24.805747,152.404068
-24.513235,149.324069
-17.338636,145.927054
-34.077145,150.534528
-21.131596,148.608646
-37.675569,143.826586
-29.494251,150.132031
-31.392469,118.255778
-25.413837,139.470818
-37.919790,145.515236
-35.155001,149.134680
-37.058802,144.958863
-36.130057,141.139853
-32.561327,145.914277
-26.000643,152.682743
-31.533612,116.423529
-34.944784,138.752555
-32.949708,146.949798
-36.131843,145.877615
-20.980806,148.982942
-37.628737,144.044127
-31.841854,116.196179
-23.846918,150.981871
-33.903520,118.382267
-26.618826,151.853269
-29.322717,152.998792
-38.315673,145.584167
-26.466827,143.176306
-28.426706,153.559011
-31.037445,146.560074
-37.192595,145.249297
-31.865801,127.932424
-29.784659,117.110806
-32.796160,145.883008
-36.370903,144.150343
-28.017323,114.393921
-29.915342,150.581384
-27.116085,152.960616
-32.928530,148.297756
-33.687306,115.385269
-30.470262,152.906156
-38.257955,145.054622
-22.850862,149.866576
-32.474126,116.610531
-31.715629,152.612401
-34.312037,138.960253
-21.130942,148.945605
-18.241159,145.988709
-35.801009,143.364440
-27.780020,152.747797
-18.229430,127.659428
-33.399596,146.034900
-24.642694,149.296173
-34.734656,149.961856
-32.578056,151.901012
-28.498005,150.447455
-15.704126,145.025657
-24.622973,116.919960
-33.799337,145.614890
-36.713879,145.735885
-34.907873,146.742006
-20.970072,119.857436
-17.552600,145.867751
-31.443810,148.692196
-35.208632,139.357661
-38.134917,143.513430
-37.253351,145.624052
-37.533843,140.887190
-23.504564,145.267965
-21.954650,148.251328
-28.811849,114.691319
-27.076541,151.882851
-20.383322,144.422150
-34.701375,139.100418
-36.240013,145.043575
-25.391534,148.851916
-30.252386,152.460246
-27.526077,144.338388
-37.045911,139.837808
-33.761043,147.311445
-30.394323,115.203378
-25.358859,150.620882
-30.547932,142.445618
-38.214889,146.444758
-33.503329,150.276620
-27.497173,152.627104
-36.873141,144.112244
-30.890959,115.631141
-34.563324,146.008946
-34.807324,148.110167
-35.219517,137.163471
-36.702913,141.805600
-37.810461,145.209667
-33.685510,120.561396
-26.367166,152.812817
-32.061720,137.445300
-26.635525,149.882719
-29.908738,152.890067
-26.011891,145.291981
-36.850083,143.857559
-33.592979,117.507505
-17.525947,145.958418
-29.773231,115.338632
-37.858158,144.866603
-29.217190,149.753528
-17.671047,145.513648
-26.857613,139.544820
-34.687712,118.135936
-28.584394,151.595892
-31.548004,149.428058
-25.644863,149.256192
-36.120998,150.052180
-38.665381,143.573081
-26.405432,152.282014
-26.311557,152.561405
-35.150049,144.134988
-37.031301,145.659377
-21.670556,145.150081
-25.937972,113.559708
-34.366280,140.669776
-20.310409,140.246853
-31.417558,152.853316
-33.926275,151.019560
-17.353768,128.045532
-33.698097,120.188364
-29.424512,151.859023
-34.946189,145.916354
-37.450562,144.173136
-36.867305,144.857568
-30.765447,118.340585
-35.883249,149.430109
-35.675643,142.460852
-36.649424,149.969177
-12.503476,131.098644
-34.051530,147.327689
-37.332035,146.082405
-27.172098,151.915691
-33.549534,118.785665
-37.769030,145.635935
-27.948505,152.720374
-38.296279,146.135327
-33.706815,137.991930
-35.521345,143.731898
-38.171329,142.737222
-25.096690,152.021139
-37.953708,146.823369
-33.248050,117.425155
-38.316373,142.477492
-30.911159,116.728749
-28.921342,149.039112
-35.227499,149.451364
-37.302881,141.400727
-37.035021,149.901328
-28.805980,153.009007
-34.509855,148.092985
-37.578808,140.384295
-23.356821,150.638696
-34.185904,115.875147
-35.672350,145.900192
-33.112741,138.333332
-32.526474,151.928450
-33.401545,151.316982
-38.260306,144.306476
-34.711200,142.946480
-33.168204,147.953682
-26.702461,151.887475
-32.820659,148.203081
-32.888742,138.000596
-37.319458,145.929609
-24.368748,150.063765
-36.507626,145.985423
-35.682124,143.871913
-22.257479,139.677824
-36.694953,149.191539
-18.008056,145.737251
-36.373746,147.823685
-35.085102,149.096979
-26.632778,144.785379
-31.346886,116.643371
-28.061155,145.373838
-30.058130,116.829140
-35.998209,142.911349
-21.513620,145.051238
-32.836849,151.298534
-25.934567,149.924120
-26.307208,152.329166
-35.241038,138.889831
-27.492142,120.539885
-31.635039,148.591737
-33.633173,117.008844
-19.478242,121.453408
-23.112174,139.747830
-36.126377,142.381210
-35.167426,148.011554
-26.460631,151.724278
-35.716489,139.624488
-27.205661,152.950876
-37.393198,145.362410
-32.751608,143.342488
-25.134182,152.159429
-30.570366,151.630030
-37.910538,143.446282
-37.704176,144.583632
-23.094955,143.970451
-30.450398,117.762665
-31.619540,115.776392
-33.497312,150.721768
-19.808762,144.256183
-34.419163,117.444435
-35.681837,142.796652
-14.937871,133.083111
-32.003033,147.364121
-32.581982,138.561170
-27.126436,149.061985
-34.662215,118.014337
-27.893570,153.336560
-32.264150,149.775999
-37.587210,145.130722
-30.251728,116.914399
-22.003910,143.174327
-25.009700,146.255775
-21.082919,149.091393
-17.678046,123.913856
-36.834793,144.054752
-23.132602,150.376344
-31.781418,116.476997
-27.846968,151.874797
-33.889680,146.099247
-23.651481,148.083554
-32.517549,146.185473
-33.582659,135.648842
-36.030505,143.948744
-37.643751,141.512934
-27.360055,153.017012
-33.794614,148.518474
-35.645382,144.142695
-28.728784,150.985189
-23.618631,150.426923
-33.145249,115.694483
-33.711623,117.580472
-25.453711,151.792143
-27.616691,152.934680
-31.232145,147.859470
-26.783868,148.814057
-32.437374,142.410831
-27.908882,151.381422
-26.159418,151.738526
-18.257282,144.759235
-34.847151,138.548725
-36.912428,145.144449
-31.346884,115.876870
-31.453605,147.249584
-33.186561,144.051534
-38.317533,143.064483
-15.385217,145.034872
-38.174887,146.694501
-33.540884,118.230778
-34.487714,138.629812
-31.160623,116.701252
-32.568050,138.740014
-38.214164,144.100791
-30.008539,151.631512
-22.596527,144.544334
-24.268438,144.799524
-32.129018,118.340271
-16.949717,145.923729
-33.799821,116.146625
-36.456956,145.454440
-37.040870,140.759700
-36.684366,144.400748
-33.848804,150.784279
-23.518003,144.236258
-27.801939,120.568685
-33.528493,121.211395
-26.976669,148.727484
-32.776731,117.178125
-35.232063,149.407572
-31.281935,115.926899
-37.334579,140.691860
-37.960599,142.740264
-34.313024,137.959902
-31.315238,115.747054
-38.070867,145.258954
-35.341128,142.766246
-33.452222,138.157297
-26.786525,150.165392
-17.311912,144.971681
-26.538671,149.640205
-33.773244,148.874346
-34.438548,148.994007
-27.688435,152.514492
-32.655053,151.316601
-34.676023,142.751528
-35.773282,137.956903
-34.585425,149.598780
-33.232651,150.653937
-37.845010,146.251829
-34.667170,150.297125
-37.871922,144.693358
-28.327909,135.845483
-26.974080,149.065293
-33.137392,116.678876
-23.280370,150.313659
-32.586398,117.843823
-35.573067,138.592723
-34.775011,139.684058
-28.698468,153.395521
-36.298868,144.956022
-28.865905,152.452959
-31.332057,148.830346
-32.954364,116.861416
-15.735618,130.580800
-37.694912,141.999219
-35.145997,138.799060
-38.444388,142.959449
-36.352124,142.530649
-26.591984,120.189381
-28.828402,152.571060
-38.686779,146.304457
-33.055318,137.530356
-27.533523,151.696651
-24.719543,150.820516
-33.353348,119.863400
-35.312478,149.045013
-32.331477,152.539628
-22.777603,147.562762
-34.160969,138.421783
-27.072376,151.002043
-33.585591,137.934897
-26.143414,149.360520
-36.748139,141.189258
-35.009367,139.281263
-35.273644,138.516613
-26.442401,118.993919
-28.780251,153.280818
-34.563581,145.767783
-32.556083,117.088038
-33.714208,118.163883
-35.783405,148.010253
-37.935248,145.522566
-26.382462,152.693289
-31.459271,118.154732
-34.772199,142.365593
-32.206040,142.574921
-29.488878,149.259206
-30.078382,117.170491
-38.440826,143.311427
-23.113303,117.859104
-36.303230,142.848572
-38.004361,145.706740
-35.903814,146.559642
-36.381669,140.884267
-33.771976,148.577194
-32.515397,145.937756
-34.694317,138.878460
-26.566363,148.181146
-28.043419,114.651592
-37.615925,141.325850
-37.663828,143.081764
-23.797887,144.049126
-34.613076,137.839466
-37.038782,143.110009
-34.451187,146.439515
-34.957356,117.393380
-21.153679,149.153052
-38.353517,145.118328
-38.487826,143.656659
-29.698421,151.747750
-33.801324,151.218417
-33.542552,118.097418
-35.157773,144.244356
-37.861413,146.441852
-32.159452,152.209853
-25.344400,152.576683
-36.343050,145.077702
-35.159463,140.244608
-24.290524,150.543774
-34.620857,146.036952
-35.155892,146.715539
-21.151197,148.837991
-38.214298,143.306797
-28.295839,153.483163
-33.532984,150.895597
-17.968088,124.953227
-35.452321,149.817612
-31.284377,118.470834
-36.090039,146.896665
-30.871892,147.215594
-37.248402,140.087013
-19.675019,147.452787
-35.507582,139.202238
-25.720175,148.136365
-32.595777,151.361386
-36.166881,150.132597
-27.423815,151.781264
-31.924759,117.441028
-31.183698,136.222612
-25.022272,152.218257
-33.436572,148.780472
-27.957015,153.223475
-19.277012,146.671024
-27.440713,152.196428
-27.475266,151.921576
-13.317302,132.334809
-26.639902,145.194425
-31.990985,132.437242
-36.715605,145.391548
-32.750692,115.749297
-32.951676,149.015814
-30.800652,116.886120
-34.785438,137.573390
-36.061607,144.616131
-27.539872,151.962893
-22.770738,140.682121
-28.071396,145.688132
-35.937598,147.718518
-30.811506,117.375686
-32.976963,119.600381
-32.123514,149.577993
-30.499067,145.923754
-27.594810,151.555415
-35.366308,143.107522
-33.436627,149.858648
-31.122783,147.342829
-28.051789,153.363044
-33.545198,136.303060
-33.123930,148.917796
-34.502303,139.330709
-38.079245,142.236176
-37.206967,149.315492
-32.896078,119.009232
-20.662889,142.306864
-28.895596,153.446445
-34.645710,137.597897
-31.060350,118.789160
-27.378679,152.018731
-25.289782,152.724843
-26.131237,149.770494
-17.675681,146.042402
-28.038983,152.135312
-29.657338,151.953147
-31.649976,117.070091
-34.389582,138.445701
-24.238970,143.560904
-38.248700,143.129821
-30.878301,119.135715
-36.643340,144.414462
-30.748930,117.598440
-33.489378,151.372288
-33.793899,151.181248
-30.879243,151.220040
-34.004619,140.934147
-34.577178,148.385442
-29.456418,147.315130
-22.534887,117.639965
-29.800218,117.714927
-33.714162,118.177273
-34.664584,139.702481
-31.322244,117.051173
-20.199797,138.905922
-27.282414,151.854964
-25.689073,149.218853
-24.318808,148.705597
-27.827877,152.729402
-20.950121,147.857360
-36.211818,147.764797
-34.456773,146.195939
-26.502739,153.011850
-37.718435,145.141173
-37.841150,140.968111
-36.527398,144.500915
-29.098657,115.295038
-27.451541,152.372808
-33.033769,147.112716
-26.004117,152.617069
-16.473880,145.348698
-26.372067,151.864075
-38.550741,145.929668
-28.020957,144.800799
-31.802097,118.467141
-32.651941,118.216447
-27.202816,149.103679
-23.165517,150.682977
-35.574551,147.596715
-27.149124,152.781800
-21.280697,149.272248
-36.302338,140.220551
-37.974320,144.691808
-20.335006,148.620501
-32.718235,116.043143
-34.426752,147.128907
-30.591852,138.401971
-35.320197,139.645025
-37.674228,141.971251
-33.652988,122.282439
-32.217999,118.818818
-23.589346,148.165384
-27.888810,153.307526
-28.029086,152.554131
-32.065048,146.322560
-34.996475,117.281705
-33.172361,151.538237
-28.685151,151.546551
-28.965455,150.216445
-31.278452,145.896326
-33.536003,119.895009
-34.793697,148.939774
-34.568639,140.664821
-35.543544,143.618146
-36.398056,144.813978
-36.701308,142.223465
-24.723637,152.014806
-27.993343,152.684163
-34.512610,135.394500
-37.992611,146.286813
-21.081310,149.186882
-20.339572,142.671107
-38.576909,145.574065
-27.667158,153.188887
-17.848107,124.341733
-32.255357,150.730874
-30.269034,150.027489
-34.089892,116.981793
-36.939027,149.679536
-32.323320,150.779710
-33.586723,150.834883
-28.961780,138.480050
-17.858341,145.745159
-29.098443,115.216633
-37.048245,141.286552
-35.513685,150.312139
-33.827833,135.705251
-34.758375,150.057582
-34.384916,116.178733
-32.064667,116.147256
-15.730127,128.265769
-36.442016,142.594989
-26.579180,143.210877
-33.601429,137.152806
-35.803340,139.559388
-36.800030,144.392027
-27.705461,152.481627
-27.540012,115.142931
-35.052707,137.360882
-33.987198,147.002482
-26.134896,152.584571
-32.782506,144.265916
-36.810730,145.656426
-32.325692,149.709523
-35.624765,143.098084
-33.519015,149.524590
-38.290193,145.740457
-33.186769,116.277138
-31.977268,151.139440
-21.694723,145.157917
-28.493013,151.097579
-34.293716,148.244963
-31.329923,145.647046
-38.048154,144.359110
-23.192289,150.510812
-24.117053,144.492109
-31.205611,116.913020
-33.942995,136.240655
-33.393584,149.645458
-36.397278,141.206453
-29.698058,151.839545
-37.584108,144.703004
-29.508813,137.222653
-18.419341,144.744371
-36.778036,140.652204
-17.563110,145.984747
-33.821993,148.535818
-33.869296,118.715353
-13.048711,131.017861
-37.664667,141.324090
-26.382167,152.767425
-26.882729,152.081072
-33.748484,115.170071
-33.248889,116.985560
-23.455114,144.374112
-37.635725,142.521918
-37.475689,143.956715
-28.836695,148.057237
-37.130597,144.278462
-31.466081,138.428576
-25.712504,148.534168
-32.242936,125.545276
-19.485666,134.215569
-21.171411,148.776730
-33.807366,115.882288
-36.793271,149.476373
-35.952094,146.924102
-34.826358,147.218858
-20.742162,116.830792
-37.808825,142.760401
-36.440129,145.301686
-21.371116,139.120428
-34.112083,135.857798
-34.115814,137.837567
-35.102057,147.181549
-27.509169,153.220631
-34.974470,137.611894
-19.594970,147.137439
-32.042787,117.699753
-31.496651,150.068142
-20.374548,118.576259
-31.356680,116.614016
-37.714948,144.725729
-33.446797,149.991959
-35.557069,144.971726
-36.251471,140.859512
-36.986586,149.642538
-32.782517,137.534467
-38.551271,146.606231
-29.948888,148.965364
-30.951559,116.123273
-23.640316,146.544032
-28.880529,152.690924
-33.384134,148.296631
-31.113458,138.655280
-24.201566,150.279827
-26.861771,149.105454
-32.325482,137.592349
-34.422503,118.694024
-37.102943,143.886683
-28.297152,153.250570
-34.323823,148.474682
-23.740177,150.157019
-34.755961,147.172827
-37.139067,145.111378
-32.636444,117.125965
-37.852845,144.833157
-33.541254,117.160931
-34.945750,138.555627
-34.652980,138.646894
-33.610907,115.879666
-24.429184,149.971576
-26.941843,151.394938
-25.003609,152.052360
-32.466123,137.752663
-30.905388,115.755643
-34.752447,138.589161
-26.406788,152.683748
-32.418815,117.034468
-34.183072,117.234180
-26.890030,150.142753
-30.416322,152.008532
-37.085382,141.111529
-36.107907,140.705058
-36.094260,146.402937
-29.477347,153.184175
-35.026192,148.979217
-17.092918,145.827015
-35.431320,139.621388
-37.667535,149.159810
-33.741245,137.864135
-33.721464,138.122285
-34.144109,150.744356
-33.423537,149.603369
-38.116859,146.576148
-20.395588,141.470759
-33.597303,118.437416
-33.275420,117.547441
-34.580129,148.605747
-31.069714,115.370307
-34.703972,139.146946
-35.495717,143.732993
-12.567043,130.900022
-36.278965,144.777487
-33.609483,122.134614
-32.743057,137.116764
-21.813288,145.162668
-34.580723,147.677758
-34.833527,146.680757
-34.907028,117.551666
-31.595602,116.992882
-29.949577,114.977129
-16.303140,131.954567
-37.180724,140.716738
-37.499339,141.567287
-31.876689,116.357628
-27.630687,153.042373
-17.598787,145.152677
-37.898161,140.782428
-34.125166,140.706960
-34.898655,147.711605
-29.685764,153.087875
-33.559789,118.146743
-34.184695,118.175024
-27.566342,152.259344
-28.092813,153.150171
-20.900667,134.224998
-32.480298,150.776367
-31.432916,131.662311
-28.902947,115.509966
-26.298365,152.217726
-33.639509,150.816773
-36.496271,149.058615
-32.453970,123.951075
-35.786048,146.439366
-35.826796,145.701678
-27.928154,153.364985
-34.169027,118.175325
-25.941582,152.617770
-37.010680,145.049731
-36.107660,146.554282
-37.864861,145.168947
-33.689108,150.865962
-25.941680,152.530846
-21.157055,149.135208
-34.552319,138.736346
-30.935783,145.359491
-33.477438,121.866909
-37.205734,142.544997
-32.149181,118.108104
-20.407396,148.504834
-30.371838,146.163332
-30.282671,152.123114
-23.398431,150.654607
-19.384119,138.980682
-27.487627,152.668954
-37.239035,143.589093
-34.098915,141.983841
-31.713177,148.680944
-28.716330,115.024125
-20.174649,147.967905
-23.171132,150.271151
-27.962854,120.436361
-23.498231,119.781795
-34.851059,118.146126
-36.843002,149.494646
-34.215606,139.124674
-29.569414,153.304949
-37.614412,142.324519
-27.482859,152.904852
-34.369670,140.696239
-21.251968,139.156306
-21.114051,145.004417
-38.302219,142.345082
-12.496258,131.057003
-27.545993,152.984129
-31.917179,117.178105
-32.010535,148.576550
-31.871698,116.724403
-38.619976,142.946429
-33.817240,138.038859
-35.163515,147.365896
-37.963647,146.844630
-27.085895,152.606712
-34.544233,149.618794
-37.197103,143.640121
-33.731915,122.401241
-38.243889,142.330873
-23.659302,148.092558
-35.857442,148.901263
-27.191977,150.548854
-26.464475,152.788184
-23.391520,148.208640
-33.837644,115.420377
-25.518299,148.047499
-31.801032,115.869867
-26.692270,118.445178
-30.554804,151.718262
-38.116879,146.645143
-28.451362,116.785077
-30.938385,116.100109
-34.393202,119.365375
-33.040012,115.793363
-27.699184,152.328042
-34.829430,149.872015
-25.084196,148.282736
-21.850010,148.593106
-34.624146,116.139645
-26.068987,149.146036
-34.287425,147.255533
-36.439447,140.967783
-35.491651,149.447382
-37.025267,141.705636
-38.723852,143.435541
-37.429277,144.984191
-34.360019,116.054654
-25.190074,115.500656
-37.192742,143.814989
-34.680779,138.521132
-35.915085,146.968425
-21.717600,149.410108
-29.227091,116.386179
-25.210284,148.779153
-22.862847,120.001181
-28.109463,153.177242
-27.260055,150.602903
-30.356543,152.625721
-31.915410,115.910169
-26.222631,152.221986
-37.542447,144.028401
-32.008028,120.789140
-33.455374,151.154091
-33.520008,150.809605
-35.102037,138.585348
-26.656692,153.050756
-33.645266,145.244552
-34.387265,116.182848
-26.846449,152.819874
-34.463070,145.158019
-35.494358,149.714159
-36.298847,144.816496
-28.666859,150.431146
-22.324247,148.203661
-22.701771,117.790280
-23.228976,132.872943
-31.828103,117.592130
-27.814118,152.755815
-27.936966,114.611324
-32.356762,138.045702
-30.405288,152.852199
-36.579396,147.774218
-32.546591,151.302056
-27.318605,148.421118
-31.704803,149.679948
-32.128438,115.995466
-26.103754,151.525912
-34.882314,144.239394
-32.586034,134.508806
-27.987404,153.334659
-31.208595,115.596600
-34.758549,146.777476
-34.325177,138.961925
-29.861794,150.584074
-37.384628,146.243509
-34.101367,118.938175
-32.150826,149.053470
-35.186561,148.356749
-34.144174,135.843218
-34.493486,145.643441
-29.705094,151.424499
-37.841910,147.075262
-36.320946,142.531386
-36.312100,144.530014
-27.948907,119.578238
-37.920509,144.396493
-35.162750,139.001063
-32.103448,117.749910
-36.040799,146.003440
-32.726057,151.679806
-28.179561,152.991279
-33.429136,149.616472
-26.759208,150.609843
-26.400132,152.043314
-17.052881,145.374931
-38.306868,143.498609
-33.030923,146.195417
-30.457243,145.333818
-20.280485,147.950554
-24.863010,152.119064
-38.104573,143.819284
-15.315838,145.051588
-27.173996,138.781222
-35.198237,145.649601
-34.594089,138.514991
-38.347191,142.280679
-36.973820,141.302884
-28.708378,144.731035
-32.861022,143.738055
-28.110177,153.211117
-32.237241,118.816782
-23.542394,145.140199
-36.484574,145.318965
-32.271551,117.899543
-36.804105,140.464070
-38.067323,145.119154
-36.435251,141.661543
-29.555204,149.513065
-25.014007,152.377366
-26.180666,151.851991
-26.236176,152.012324
-34.777716,150.341429
-33.176948,118.020398
-33.127987,116.694497
-34.784985,139.522035
-31.511862,149.360936
-30.674116,144.917533
-32.133097,148.238299
-35.997875,148.742776
-31.776055,115.873452
-33.048032,117.258830
-25.845246,143.397995
-38.223017,143.155994
-34.549863,138.531786
-24.118344,148.708216
-35.635251,149.431183
-30.975068,116.957271
-35.366896,138.731493
-34.987039,144.766383
-32.020676,150.863513
-35.033649,148.835560
-16.521791,136.006145
-29.472581,116.308691
-32.232946,142.260431
-32.417087,119.041185
-33.384552,149.032636
-28.351210,116.730198
-30.608349,152.173744
-36.390924,146.510679
-36.982848,140.206718
-23.544759,147.856204
-34.765747,135.988957
-22.676000,114.069151
-25.299741,149.651574
-33.349687,145.120547
-20.039210,134.207103
-36.893843,140.634293
-33.842348,117.663375
-34.152571,135.960921
-36.200166,144.281619
-26.410731,152.240289
-32.810618,151.674163
-36.914814,145.161888
-23.593986,148.211961
-25.210996,131.158439
-37.412107,149.197638
-34.619323,150.272906
-35.802455,141.877195
-34.301175,117.556876
-27.277128,152.839122
-33.960332,138.394888
-32.280162,148.547188
-33.970350,115.253075
-15.815362,128.701702
-31.108262,116.922178
-32.022073,133.270421
-36.903544,144.567075
-29.468148,151.634198
-35.134462,138.903949
-37.746201,143.841460
-27.660588,152.764535
-19.784513,138.203034
-30.029824,150.397147
-37.074716,144.186150
-31.509156,115.998816
-33.859266,115.304225
-34.681980,150.021762
-28.028474,152.486660
-29.434797,153.262966
-29.524965,151.749246
-28.660807,149.083693
-26.179467,150.011140
-19.677917,147.444527
-23.327577,150.246410
-33.682048,115.142084
-26.616364,144.549956
-27.499373,150.697449
-16.426148,133.379092
-36.077031,142.421128
-18.443376,127.430436
-28.494917,150.401455
-27.581953,151.971088
-18.019074,141.949362
-36.123244,146.269105
-35.304597,139.370623
-33.530855,150.881884
-24.726193,113.770581
-12.548536,131.111165
-38.424777,144.059179
-33.048409,147.166918
-38.787711,143.491738
-33.893918,151.153414
-26.384556,152.773147
-28.562551,153.132888
-31.408073,116.084180
-29.134031,150.383898
-35.279871,146.636266
-26.405323,118.597487
-33.428602,117.664269
-34.523366,117.314192
-19.637384,147.391733
-37.286991,144.946808
-36.967278,147.685094
-37.938331,145.403208
-29.910452,121.119941
-32.238750,152.452468
-38.538412,145.457191
-36.206360,142.366408
-34.041687,117.073599
-30.351755,153.100535
-37.428951,143.644571
-15.826494,144.902461
-27.285154,150.371585
-31.591244,116.717493
-35.705814,145.881421
-38.017209,143.005818
-38.184246,143.611378
-36.665507,145.476555
-28.006434,147.597748
-27.640814,151.985622
-34.376742,139.022766
-26.694997,151.897126
-34.558039,139.035202
-25.714736,152.906495
-33.785334,150.995299
-33.601350,120.252323
-26.223507,152.749019
-33.622918,150.789038
-33.955065,137.670978
-34.233142,150.729096
-28.696793,151.906367
-38.516526,143.225905
-34.509567,139.143021
-25.237322,149.958483
-36.071459,146.703194
-36.240030,145.025712
-28.976625,153.328772
-36.108781,146.869475
-31.053639,150.762413
-28.361787,114.606302
-36.322886,141.476013
-33.205896,138.637825
-34.412067,148.331509
-35.088564,148.702492
-37.986459,144.500532
-32.852980,149.784777
-28.419124,116.163943
-36.056462,147.133701
-32.515603,118.035986
-27.015506,152.787456
-36.159504,143.776304
-33.461156,121.806784
-31.106447,115.772209
-24.151298,151.484846
-35.605233,145.419279
-33.043041,149.065680
-27.000887,148.642868
-33.562004,115.791077
-26.755767,151.498971
-15.984755,129.010550
-31.249200,149.289800
-22.773587,145.072710
-24.669680,132.321330
-37.364002,143.584374
-32.648296,116.023642
-33.633128,117.040200
-26.917071,152.984031
-35.395091,138.658346
-30.334035,115.070359
-33.956929,116.428516
-28.930603,153.188696
-31.426511,116.072423
-26.719676,149.328273
-35.239455,145.268940
-32.293825,149.532311
-24.822260,151.695599
-34.048879,145.443763
-27.736526,153.110840
-20.398840,139.368623
-33.642660,146.594172
-35.173288,141.693365
-29.001174,153.370069
-37.501551,144.294826
-32.409399,150.603739
-37.855624,145.332221
-33.690009,135.698765
-36.421216,145.068207
-26.789708,153.123008
-33.686719,117.719130
-34.650654,137.742414
-36.332595,145.337275
-16.083088,129.087225
-25.081522,148.291337
-34.536771,117.896416
-37.262844,143.011587
-32.722492,138.342368
-34.885282,148.132785
-37.791992,140.647534
-30.010766,148.511017
-20.134474,134.221011
-21.171524,149.130466
-26.644199,151.712983
-33.618380,151.264244
-31.750569,141.550139
-33.625462,115.408193
-33.687667,150.645520
-29.809853,151.263866
-15.478087,128.096515
-26.646805,153.028993
-37.777908,141.870778
-28.127071,153.033349
-26.997530,152.890644
-23.367076,144.615949
-25.067258,148.294372
-35.195158,142.697852
-32.926143,119.606035
-32.111297,116.532885
-37.240765,143.682936
-37.525865,142.085061
-20.730091,142.791969
-38.021799,143.607464
-34.771549,147.704432
-30.012990,146.344161
-34.546636,117.924130
-33.801114,115.889586
-34.813937,116.069506
-34.076373,137.900776
-30.793780,149.960095
-15.625990,128.794385
-26.646641,152.041426
-23.712325,148.881043
-32.901875,143.576696
-35.748652,139.551500
-34.565849,140.463398
-30.258962,151.099887
-38.198001,145.386897
-29.620619,116.391721
-32.141238,121.817064
-30.827137,115.339170
-37.778037,140.618800
-18.231101,142.406366
-38.148261,145.639049
-16.223962,128.352359
-26.262046,152.669957
-28.671045,152.587739
-34.427691,115.962037
-31.233002,136.411389
-34.834632,147.195142
-33.156870,148.794430
-19.010195,136.085500
-35.546915,144.518206
-24.209887,148.826445
-36.054128,146.985929
-25.118222,143.725344
-35.698857,146.714972
-38.264282,144.340423
-32.404053,151.061837
-27.055336,151.761859
-31.178665,136.836566
-35.244748,149.496896
-32.642249,117.598451
-37.504988,140.299360
-36.022012,146.001747
-28.766656,149.717816
-38.053366,142.884187
-35.328884,138.967751
-27.257242,148.602051
-21.161157,148.955924
-22.034351,143.158266
-37.328186,144.676487
-37.444242,144.569068
-34.262701,140.354159
-37.026012,147.242182
-25.645478,151.487729
-37.156841,142.636321
-33.421666,117.397835
-37.465506,140.607425
-37.542206,142.131607
-32.354876,117.364766
-35.118572,142.061739
-35.315960,148.663040
-31.032648,116.949272
-34.864194,139.031589
-20.556564,140.425689
-20.358619,147.893828
-31.845327,152.079128
-32.391303,150.131710
-35.903661,145.494376
-28.038179,153.353809
-26.568961,151.676070
-23.238577,150.679178
-31.436907,117.145569
-31.920127,132.344259
-26.740374,150.673066
-30.453358,116.669944
-33.042979,134.538867
-34.923729,144.637513
-34.523634,148.924213
-26.375237,146.256032
-36.674790,145.941973
-35.678955,144.458745
-19.792535,138.797158
-27.049475,151.153660
-30.358518,150.625080
-27.628341,152.676795
-23.333898,144.163920
-30.656489,149.556365
-35.456597,149.784308
-33.855137,115.487673
-31.382828,117.467585
-31.280361,116.723720
-37.331110,143.890148
-30.029194,148.269872
-31.722484,142.695347
-35.254661,149.969895
-37.320500,145.360637
-30.905607,144.673342
-30.417902,150.616276
-34.821052,137.708246
-34.407445,118.977028
-32.616096,118.104546
-27.223377,152.935463
-34.298826,116.152133
-33.785818,149.808163
-30.416060,145.942437
-37.539212,144.601160
-37.167865,143.577074
-36.097705,150.133649
-30.776155,117.148798
-37.910143,144.743670
-34.352752,150.915989
-30.906818,153.046893
-32.179766,115.793351
-36.264583,141.670557
-31.403887,152.914683
-30.660219,147.778287
-28.408909,150.731266
-26.391224,152.701748
-34.863502,139.434951
-37.026925,144.151589
-18.858655,139.910392
-22.508805,119.074007
-37.160310,145.555581
-31.281383,149.066917
-33.696987,146.345273
-38.231756,146.647645
-34.554466,137.668539
-35.258222,136.960997
-34.613595,117.806486
-29.784427,116.447075
-31.631220,117.030861
-31.570555,147.203326
-24.816195,151.921262
-30.102216,148.953995
-34.768558,147.839725
-31.910936,133.313756
-28.658658,148.201374
-35.515162,145.412441
-27.135971,142.788513
-36.986971,141.979389
-35.493987,143.243629
-36.721100,142.117211
-22.696350,144.336481
-38.449139,144.891628
-31.609186,152.710782
-23.349166,150.567330
-36.155129,142.103743
-38.186926,146.541767
-33.607594,137.929263
-34.245156,146.814280
-23.625985,149.263209
-36.448043,146.510764
-28.903729,152.448828
-38.098009,145.245315
-35.316840,145.258065
-38.226336,146.648775
-36.929044,149.614539
-27.935279,151.806733
-24.247690,149.466907
-31.292365,148.543712
-34.491513,138.394312
-28.492423,150.530404
-23.602452,146.657003
-33.466175,115.862733
-23.153789,150.708439
-23.993698,151.375463
-33.903528,118.425760
-36.773328,140.365242
-37.534781,140.494801
-34.421943,115.926541
-35.835000,142.780389
-33.279396,115.735609
-30.514593,151.623270
-29.029584,152.121619
-35.065528,148.837313
-31.992312,141.331810
-27.421983,150.495471
-33.918298,150.050314
-32.091192,133.129416
-34.954522,149.209589
-34.004852,138.660341
-35.427579,148.783827
-33.270760,151.360880
-32.382057,117.045208
-30.302366,135.287815
-32.680864,138.122266
-37.084452,145.402697
-31.464479,148.957724
-33.746300,122.911547
-23.340315,150.279841
-29.909122,151.732373
-16.195010,142.839882
-35.779327,144.017881
-38.061360,146.656114
-17.385353,128.329603
-35.817788,146.552027
-34.799103,139.500669
-36.700187,140.735432
-32.701808,116.062499
-33.820015,118.007622
-37.365853,140.085455
-31.402007,121.553238
-28.680038,153.444508
-36.267318,146.651660
-29.369696,153.248305
-36.745743,147.721543
-36.516514,142.355569
-32.200716,115.805787
-32.871322,118.104606
-12.857322,130.951106
-33.892468,137.702384
-31.871789,117.917354
-27.687754,151.668329
-34.216647,118.365279
-37.838480,145.087315
-35.981781,146.627014
-33.878684,117.628676
-37.293721,145.920827
-36.042150,140.302082
-27.427063,149.832479
-37.399400,146.248010
-36.005607,142.680834
-32.229052,148.612239
-31.137050,120.657157
-33.775017,144.922855
-21.810067,143.294747
-36.902770,140.793279
-37.854446,147.646121
-12.816212,132.110023
-34.811329,139.267722
-34.809742,150.713007
-32.061996,141.651239
-26.083269,152.427424
-15.061960,131.752193
-34.542870,135.781635
-35.028599,140.002829
-12.477774,130.986976
-32.606489,119.284178
-30.692681,115.662750
-38.299021,142.081000
-23.756500,133.774958
-28.859617,153.434721
-35.071040,148.416995
-35.812901,141.848381
-31.385839,149.198654
-20.379729,148.569374
-34.366404,138.658178
-21.570313,133.815018
-36.696722,139.996313
-27.825448,153.024387
-37.342950,143.124083
-33.001518,117.917983
-31.773739,143.270303
-21.279965,147.507060
-23.622630,146.268047
-23.947191,133.020418
-34.313248,135.796889
-27.583761,153.092311
-31.614047,117.030297
-36.043433,143.744880
-32.098741,115.802876
-34.537240,116.218718
-36.357006,143.401010
-20.116383,140.233248
-33.725029,146.007356
-33.190137,116.569104
-37.051576,145.089898
-34.341706,146.576643
-37.264318,144.230173
-36.172736,142.551297
-25.584336,152.650699
-36.170889,141.389533
-37.512354,142.416443
-26.632069,144.241578
-28.890638,153.159048
-35.812625,149.977500
-22.375282,147.827622
-24.570341,148.892305
-27.441751,151.319792
-35.922450,150.109168
-31.832092,132.744525
-30.317904,115.864537
-33.620925,147.383913
-36.782092,149.807722
-20.647025,119.195531
-27.795403,115.705958
-28.830526,152.923524
-34.566361,150.779110
-31.621095,148.893179
-33.444830,146.838324
-33.138050,151.626967
-38.699617,145.949141
-37.646258,140.307519
-31.505951,143.482775
-34.322818,137.953509
-35.036058,146.726766
-30.630730,138.389118
-24.999326,151.856897
-24.334371,149.919514
-26.719288,150.982083
-26.904082,152.950785
-35.719927,147.442463
-37.912473,147.550551
-35.055099,142.928535
-16.665248,145.299110
-23.598921,132.414379
-37.947571,141.717320
-37.931666,143.816730
-37.898991,140.676545
-27.388139,153.037810
-34.157640,150.721735
-34.139071,139.960763
-31.129996,138.467712
-35.329341,149.013131
-27.674360,120.547196
-15.763279,128.280193
-26.638244,151.627145
-32.781535,117.518002
-33.248765,117.251237
-38.036642,141.279207
-34.665672,135.385573
-34.606789,118.702447
-37.842263,144.971583
-31.623264,152.319289
-17.416229,141.317153
-35.616100,139.199641
-29.505060,153.226385
-22.908520,148.593973
-33.252895,135.900875
-26.942023,152.348933
-29.839475,148.988368
-29.017737,147.711308
-34.323152,118.645559
-26.435264,151.828638
-33.678493,136.927605
-37.836467,144.064042
-35.853213,137.695553
-32.219875,142.383332
-31.564082,143.233574
-17.669757,145.965006
-27.279497,152.053731
-31.155149,116.437947
-33.772313,151.274832
-29.162838,115.578272
-37.561538,144.636373
-22.552178,119.204749
-29.372307,117.819751
-25.937777,146.484480
-28.709292,152.003794
-27.088638,152.914532
-24.729090,152.231962
-35.731124,149.324611
-34.021205,139.766244
-31.053640,116.825775
-32.786919,151.965423
-38.317046,142.903062
-34.439260,146.371045
-36.582611,144.553547
-38.770100,146.158448
-38.039172,140.943406
-33.172163,116.904121
-32.757839,118.704077
-23.131668,119.258781
-26.892431,150.274282
-37.357085,140.540968
-31.551694,131.960749
-36.767566,144.694163
-34.637216,144.653804
-33.181533,138.611205
-22.752501,148.207871
-31.586970,148.773391
-27.197215,152.841959
-33.343702,148.063632
-31.251778,115.759367
-34.049130,115.037502
-28.028940,147.456246
-31.519732,147.371816
-26.911715,149.950177
-15.717510,128.737168
-29.304621,115.584199
-34.502844,135.536874
-27.637261,153.055285
-18.573045,140.562971
-33.490984,149.024295
-29.632885,152.103108
-36.573373,143.936389
-25.914556,116.053103
-33.915844,148.857633
-31.581249,129.867661
-31.524028,152.784638
-24.427600,145.474897
-36.284329,145.885838
-17.645626,145.351583
-34.281653,139.763462
-32.061368,115.867432
-13.448779,132.265420
-34.990381,144.211058
-34.118305,117.041606
-33.650778,149.800704
-31.909854,118.381663
-37.756683,148.269853
-36.603475,140.563572
-34.589787,117.956574
-34.407802,149.526017
-34.298647,148.483441
-32.800582,151.508707
-31.188440,115.588828
-36.872273,140.931067
-34.932319,149.421986
-22.502894,133.332744
-33.983074,115.309027
-34.440657,148.444126
-35.746767,143.946245
-38.714163,143.243572
-33.732439,115.483223
-31.634003,115.695173
-29.732962,117.063736
-32.461203,123.892094
-31.370485,148.844971
-34.257131,140.548962
-32.454440,150.397605
-35.973880,144.320888
-30.383617,115.228398
-33.091606,135.513080
-26.949335,150.495788
-34.987217,137.597418
-27.580391,151.924151
-36.821610,144.281613
-37.323165,143.343708
-31.867590,152.698690
-29.623131,147.065873
-34.785983,145.972423
-33.149725,115.823803
-28.947361,153.081258
-34.112389,137.619648
-36.426345,144.907894
-36.338394,145.577355
-27.682543,153.392716
-28.374450,144.858307
-38.026542,140.607020
-34.745321,150.812298
-23.793783,133.868437
-20.024100,137.613181
-22.282637,148.192739
-28.427116,116.748575
-35.693115,146.120150
-36.265749,140.866983
-29.612358,150.791763
-32.365598,123.640444
-37.549761,144.092058
-36.823948,141.424234
-32.742814,118.625076
-34.583738,146.402207
-30.075648,147.544099
-20.774700,116.935866
-29.462479,151.148179
-29.440102,153.239514
-34.313507,118.195300
-26.321082,152.731263
-32.385562,115.895541
-26.141423,152.616841
-31.112080,152.758584
-36.429067,144.202469
-32.935857,148.219233
-35.506026,149.934024
-37.172073,139.771656
-18.691604,146.212237
-33.580287,138.393353
-30.714271,117.773449
-38.371529,145.015770
-31.180460,119.309669
-22.168211,148.552194
-28.029147,148.633683
-34.673665,145.006402
-31.243840,148.815734
-35.237395,138.676435
-26.936860,152.565642
-26.349902,151.205285
-23.782067,133.529018
-33.752456,117.363694
-34.871281,150.692491
-32.858778,116.513189
-36.076907,143.412016
-37.504848,140.281453
-37.539766,140.407684
-28.066253,135.783342
-24.483673,149.976196
-28.355918,116.561170
-25.546715,149.423654
-27.526525,151.478074
-24.608824,149.197106
-35.069576,143.335101
-27.845428,151.737462
-34.164337,116.046936
-34.321667,137.789027
-33.743715,123.042617
-20.572501,148.620002
-20.351392,142.911038
-35.041636,149.100172
-33.912484,150.606219
-27.504813,151.162583
-26.950791,152.989945
-38.214779,144.179834
-34.975709,143.453100
-17.464679,140.829277
-22.516860,145.023854
-18.805683,146.135573
-30.538703,136.916175
-33.048741,138.796824
-26.365452,152.513126
-31.427875,148.072798
-37.101977,141.171801
-33.527475,148.704310
-31.683150,116.326971
-27.671207,148.712322
-33.340504,149.463921
-35.432533,138.353398
-31.717551,116.729694
-30.139289,153.000678
-32.176994,142.028903
-28.168705,152.548429
-34.216384,117.661447
-32.125055,117.747078
-31.342855,116.489641
-25.458445,151.500769
-33.852704,146.812819
-12.681014,132.471990
-28.222520,153.422338
-37.756866,143.073962
-30.989561,153.015255
-14.147116,132.003883
-26.587280,151.379205
-19.333400,134.190388
-38.409238,145.800744
-35.974789,147.039846
-33.410957,150.949280
-32.002306,115.771717
-28.390979,114.490659
-28.564435,153.433498
-34.355586,146.887553
-37.632358,145.397288
-36.731037,147.026589
-31.036768,116.549728
-26.213413,152.638060
-36.094408,146.131049
-24.973890,151.800746
-38.296260,143.087890
-29.591817,115.670335
-31.047977,118.790877
-27.775424,114.680882
-29.480576,116.323463
-33.524395,149.146228
-37.170072,140.936987
-17.370269,123.841464
-30.071951,115.248777
-33.367871,117.015062
-33.594601,144.638944
-35.712531,144.482636
-35.618474,148.388025
-37.650327,144.672745
-33.316737,149.076056
-35.775633,142.474653
-23.458873,150.419150
-36.694699,142.044794
-37.495578,140.610047
-26.654226,150.995107
-34.898927,150.605455
-35.562090,145.046274
-34.137795,151.106061
-30.408207,152.884821
-28.171943,151.915881
-33.627492,137.152345
-36.394373,141.211117
-25.630416,152.196026
-36.295400,144.904728
-28.389894,153.401039
-16.814950,145.641917
-38.266687,145.032921
-26.434109,148.483212
-35.334188,141.187305
-26.780748,152.839512
-33.862725,121.764413
-31.277164,117.060099
-33.095787,148.820177
-34.253414,116.463045
-32.704377,151.547717
-29.862222,150.735942
-30.432883,151.791372
-32.238628,147.554069
-37.489861,145.071446
-33.105790,148.993151
-14.803433,131.930854
-17.379468,145.302985
-34.470649,145.378438
-32.471129,150.962486
-23.288139,150.662591
-38.087270,145.969167
-37.071837,148.900784
-27.877794,152.031889
-20.692677,119.269071
-27.529919,152.962245
-26.777473,150.808413
-36.519763,147.453022
-33.229687,150.026680
-34.130829,117.900000
-31.318276,116.378123
-26.811367,151.381356
-34.157772,138.326761
-25.178191,141.355987
-36.660433,145.476832
-28.022873,152.113582
-36.428602,141.047166
-37.501780,143.922719
-31.495089,151.714602
-38.083949,142.802853
-35.448061,138.942494
-37.765592,144.963554
-33.218110,151.146919
-33.205825,136.187480
-32.009173,146.454108
-27.039790,152.829971
-31.824104,133.212718
-21.532328,142.000604
-35.809705,149.972645
-28.177249,152.939223
-33.167642,116.630394
-29.482479,150.032985
-36.575583,140.900350
-34.737279,138.652773
-36.733673,149.808036
-38.489996,145.857722
-38.795255,143.488519
-31.681318,149.657694
-31.442787,118.295324
-31.587502,143.394986
-28.167267,150.449339
-12.576560,130.937328
-30.607666,116.682073
-27.235643,150.520893
-32.339981,147.461658
-36.005778,146.028129
-31.828848,148.999806
-30.055111,115.086015
-36.988238,144.158579
-26.678322,151.685585
-34.305738,140.510829
-31.909012,151.632502
-33.961500,149.832292
-36.717149,144.346813
-36.057024,145.931135
-33.587035,135.777395
-21.279379,148.821972
-32.839470,135.135577
-27.416156,115.433969
-35.378050,149.169896
-36.373271,142.510184
-37.098801,149.806917
-22.694762,143.577820
-37.601155,145.489328
-26.363765,146.138119
-31.505938,116.300500
-34.388399,117.370264
-31.938571,132.897071
-33.571722,138.720206
-31.960081,116.806006
-29.958490,115.967537
-27.324246,151.776838
-27.051781,152.783972
-29.727320,137.254970
-19.568416,146.843291
-36.965410,143.580034
-29.176136,147.885679
-33.785418,137.775615
-36.993844,149.910239
-37.585192,144.663098
-30.447070,151.863749
-35.201204,144.423102
-25.302079,152.581842
-26.386185,151.817532
-27.349189,152.484805
-26.602378,151.815729
-19.617605,147.135890
-33.170590,151.277001
-35.213426,145.798456
-34.115374,139.040649
-28.624653,148.579498
-28.708923,144.729548
-27.485335,152.585289
-32.128168,116.054572
-34.218052,117.220701
-33.046537,138.065343
-35.804512,146.497369
-28.231670,152.172135
-21.505181,148.984355
-35.200001,141.560912
-27.456934,117.884741
-33.323107,145.834087
-34.904600,137.045142
-13.032201,130.986471
-36.886917,145.694200
-36.568342,146.832685
-27.642082,152.912691
-32.009648,141.435786
-29.476903,115.669457
-31.503736,149.797287
-33.050110,118.568477
-31.228955,117.583064
-36.494718,142.099897
-38.297170,143.528113
-34.970121,136.982620
-32.849488,115.785828
-34.135815,135.843249
-36.318619,141.996699
-28.383888,152.644924
-31.518097,116.033810
-21.896218,144.398781
-37.678028,142.721198
-31.662413,115.722257
-37.908334,144.692108
-23.876615,150.948023
-25.076371,148.580786
-29.478832,116.018075
-32.669076,117.423419
-27.769645,153.087924
-37.522502,140.297572
-29.712534,152.948315
-33.319081,149.202332
-19.352950,147.029986
-30.326771,115.554796
-35.045822,117.573340
-21.719155,117.783116
-29.947277,149.136887
-33.807284,150.035270
-32.915585,134.436454
-37.652413,142.628124
-38.203243,146.251094
-33.912767,116.789032
-34.492243,139.631090
-27.333887,153.078995
-37.850293,147.353668
-33.764793,145.138989
-32.831671,151.415795
-37.698518,140.855512
-32.742931,148.698622
-29.516788,153.195765
-31.213119,151.900031
-23.026539,142.454237
-25.555264,152.484081
-31.637448,129.348529
-32.812261,148.273750
-33.837763,147.414771
-36.516677,148.282964
-33.675212,135.632693
-21.541083,142.083082
-37.762960,143.666689
-29.349388,153.266691
-33.349064,145.706554
-25.909114,149.957872
-28.848311,153.066680
-34.451072,135.997314
-30.621724,151.375366
-36.121965,145.971890
-37.485053,143.990259
-30.391954,115.246390
-21.648690,117.690217
-31.538324,147.898497
-28.846255,121.303556
-32.220790,150.935824
-19.535664,138.866879
-29.173245,117.706068
-32.778029,149.978679
-33.895105,117.178041
-32.866125,116.438268
-33.849097,145.632650
-33.653276,122.335434
-21.292422,149.111246
-35.643248,146.695866
-37.780671,145.220273
-29.516042,115.806429
-35.738379,147.692171
-33.523765,136.347702
-25.632225,113.497169
-26.781278,152.884205
-35.775626,142.478161
-30.890660,135.678436
-38.364037,143.376713
-27.627246,152.624119
-34.683879,140.816194
-28.247182,153.469828
-37.838227,144.082684
-16.344942,133.380476
-32.646304,116.698527
-18.692890,145.982791
-30.237081,151.251984
-36.031102,149.101058
-12.796772,130.990501
-34.617283,137.552541
-34.854937,147.972727
-33.797473,149.314685
-26.517821,114.503118
-28.880647,153.528273
-25.519670,152.025628
-26.807042,148.758296
-30.853085,151.452124
-30.980079,121.162072
-37.130575,143.634640
-34.089677,117.519184
-35.606028,137.402238
-32.750255,117.163881
-28.059279,152.227683
-17.421006,128.298316
-23.118083,119.140685
-35.500120,143.762574
-19.297391,146.793465
-31.940241,152.506227
-35.017884,117.538875
-26.706971,153.046923
-30.519688,145.090703
-38.021102,140.930714
-30.278716,151.916408
-34.171841,150.714270
-33.932238,149.509416
-36.040853,147.351555
-34.979820,147.500913
-19.447141,144.281960
-31.600211,152.479608
-37.274160,144.108234
-33.477383,150.148512
-32.685047,116.969002
-34.171172,138.391846
-13.105569,130.545838
-30.538330,151.105283
-31.796726,117.458665
-17.149935,144.992280
-35.204168,149.356935
-35.779907,142.743826
-25.243956,152.381012
-32.750451,117.478696
-33.615705,150.925287
-34.187868,149.461320
-36.732907,141.737273
-19.768081,121.089547
-36.500638,142.460605
-28.907407,150.864194
-32.213856,147.195878
-36.345947,145.902210
-34.098096,147.142584
-28.280536,153.519355
-33.211946,136.555128
-36.995945,140.740994
-34.850900,150.715726
-31.623310,118.898094
-32.279082,149.759993
-34.276143,138.583492
-24.492336,145.142276
-29.605364,148.073664
-29.156202,152.001172
-20.708413,139.570488
-16.874515,145.679724
-33.176632,150.694486
-37.875719,143.366936
-30.776144,117.153029
-37.474680,141.682538
-23.750198,133.912810
-33.421090,149.823520
-36.663387,149.634902
-31.934009,117.360132
-25.617144,151.650341
-38.364021,143.549692
-28.645751,151.842283
-37.420876,143.742128
-34.364031,117.556844
-38.371350,145.674972
-17.473388,145.567370
-31.789321,132.221263
-32.844256,143.563164
-34.208644,150.574837
-15.782087,145.293548
-27.273765,151.883040
-26.705758,150.769531
-26.740835,116.691328
-30.575191,115.921048
-31.834992,119.392368
-28.085434,144.235303
-26.476523,147.972353
-36.144244,146.684466
-34.044088,151.068547
-33.304598,146.374695
-37.391156,144.067022
-29.617403,153.268008
-26.737058,151.764338
-37.208033,143.674104
-31.850177,116.246293
-24.781115,143.128258
-33.754349,149.369368
-32.225997,117.118034
-27.459322,145.937773
-23.272072,150.351488
-34.507817,135.578571
-35.759554,145.616906
-19.566173,144.234135
-31.369413,147.316828
-23.170478,150.265640
-22.814204,115.064475
-36.317416,145.313534
-27.608675,152.913870
-32.965049,149.820239
-33.343839,148.920009
-31.885679,146.502492
-34.210805,138.975362
-36.186765,146.141865
-12.813516,130.915813
-18.268837,146.031423
-30.038556,149.372267
-34.145960,139.670250
-29.643869,141.871456
-38.344931,142.644496
-26.442337,151.617610
-32.061903,152.318214
-13.040213,131.068719
-31.035068,143.041453
-35.199492,149.122088
-34.455338,138.359809
-34.331086,140.658394
-31.892575,152.577742
-38.830965,145.994928
-33.871027,151.153540
-26.578120,151.914261
-33.794589,138.785382
-37.876681,145.032307
-38.210130,141.821361
-30.261547,116.317524
-35.159635,139.465132
-24.892352,133.195350
-26.060847,152.233046
-22.976408,143.860025
-34.117981,116.806835
-36.301393,146.633457
-36.557639,145.234180
-35.036687,138.545485
-33.698554,117.468876
-32.033370,149.322409
-24.099980,139.555731
-32.222209,147.252774
-18.202773,144.054458
-37.740619,146.545214
-34.993686,137.757897
-34.916892,143.342784
-27.096721,152.748420
-38.429518,143.872422
-24.903292,151.129405
-31.367481,131.228402
-31.732784,149.340874
-37.894405,146.724342
-36.466071,145.388787
-35.904569,150.149796
-32.714105,151.709636
-37.551215,144.573611
-32.412498,137.666185
-27.314206,151.742614
-30.054269,149.789647
-30.971158,150.814283
-27.365955,152.558175
-36.687313,144.425348
-31.986346,133.355138
-38.208319,146.238369
-32.864245,116.450378
-37.861219,142.215848
-21.706746,148.708107
-35.605221,138.095194
-32.968855,151.562584
-34.978683,139.778533
-27.106948,152.345954
-33.879267,137.941759
-25.599355,152.539624
-31.045912,116.515761
-27.830879,153.310736
-34.925145,150.669609
-36.298910,144.654969
-26.212754,152.445836
-24.139776,151.516957
-18.462037,145.843166
-34.794565,146.792223
-23.751751,133.891742
-32.583636,143.122650
-22.772775,147.812356
-38.325836,145.964811
-33.908061,147.029521
-31.040247,141.771554
-33.815157,116.393806
-20.766367,119.419029
-18.609891,144.725955
-32.813175,151.321050
-27.705646,138.741359
-30.635584,151.710311
-30.798708,117.346511
-36.066846,140.204810
-26.323217,152.030148
-31.167863,150.111815
-38.156752,145.900699
-34.290392,140.791693
-28.620167,152.649971
-27.077543,149.982313
-34.525112,138.644845
-36.825264,144.025918
-29.054390,115.597444
-19.841643,136.176232
-32.446932,145.990058
-26.103251,147.054358
-21.962952,115.650419
-36.598374,144.674691
-27.631565,152.584610
-31.028507,152.845513
-25.535983,151.977443
-35.695675,146.704154
-35.410093,138.973422
-33.238815,117.730111
-23.662628,132.620100
-36.436883,141.122486
-35.637282,137.311250
-20.025340,137.495687
-31.595111,117.919834
-32.911674,149.598980
-37.293549,142.951547
-37.048453,148.994770
-38.624264,146.604327
-35.602647,146.476404
-33.738770,137.745552
-30.326694,153.089320
-38.083705,145.720920
-36.018663,145.624694
-27.110920,138.821558
-21.411493,133.944503
-35.120113,147.032637
-31.043929,118.791557
-35.079534,149.272130
-20.113908,148.262839
-32.065885,115.856061
-25.860196,139.347945
-27.280784,142.717180
-32.061586,146.243796
-36.345021,146.072418
-34.672486,148.652631
-38.590347,142.851544
-32.538315,134.534103
-21.008514,139.588921
-21.645631,144.327247
-33.695748,150.289188
-35.490294,138.979105
-34.547470,118.224648
-25.638532,152.796411
-31.320433,138.590269
-34.574273,139.440714
-37.807041,145.796011
-32.990788,138.419391
-38.329544,142.117949
-32.144418,150.322654
-28.004462,151.113302
-34.300167,148.246571
-32.062766,122.355735
-21.672117,117.419933
-36.085711,141.109007
-31.105523,116.080047
-36.032252,140.290427
-33.263541,118.470904
-28.679449,151.895690
-30.865426,117.127358
-35.089518,143.969324
-35.067551,144.076358
-26.002315,145.141164
-30.990992,147.218611
-34.966880,143.625705
-18.231711,145.984981
-27.640093,151.888578
-37.928317,145.369014
-37.785641,141.526934
-33.469783,147.874092
-34.211814,118.937651
-20.921581,148.829511
-29.597066,153.108608
-34.860281,139.195702
-32.196777,116.790955
-33.525799,116.874667
-34.976228,138.671431
-28.007137,152.064002
-29.184070,116.065433
-31.866942,118.396231
-33.603672,115.101558
-30.993314,116.431170
-36.866551,144.057997
-18.021931,133.711022
-33.459177,149.161454
-34.133157,116.188915
-34.850752,150.596607
-36.470606,147.307894
-32.345387,117.895331
-25.631366,149.818267
-28.004863,153.329293
-12.507449,131.008251
-36.440096,145.209116
-31.704325,117.765655
-27.318343,153.026156
-33.853610,116.440040
-37.689771,148.621714
-35.522208,138.498516
-23.877786,143.944204
-33.842526,117.135599
-29.943118,149.791647
-30.973469,147.215335
-28.777898,114.671353
-38.175631,144.693961
-34.266044,146.827127
-36.284474,141.546000
-25.378930,151.093777
-34.003134,146.846932
-37.085022,140.419255
-23.849846,151.255345
-36.429090,144.191672
-37.587335,145.284921
-25.194647,148.631618
-37.793541,144.140155
-23.388186,148.835552
-34.937383,117.617600
-23.028472,147.890033
-31.200292,149.862248
-32.690282,145.904428
-27.690413,152.955911
-29.548413,151.768461
-30.954729,143.479169
-37.339240,146.269052
-34.413228,146.566828
-31.591515,116.829065
-18.517418,122.025712
-27.015194,147.625510
-33.664760,150.758863
-34.088359,138.924029
-23.622857,150.435046
-21.400624,117.155570
-31.091747,150.901992
-12.478120,130.915686
-32.855813,139.142407
-34.932194,149.848589
-38.214969,143.138919
-33.236270,121.673197
-20.234805,141.273296
-36.527965,143.456492
-37.407106,148.210616
-32.282901,117.757600
-24.690502,149.998297
-34.037705,147.147120
-29.084916,153.059550
-33.477010,149.698149
-33.746356,115.192088
-35.259328,146.640306
-28.681751,153.601247
-37.895057,145.657956
-35.977410,140.621565
-32.603150,151.200702
-31.494201,116.162127
-38.486142,143.023514
-33.187031,117.722719
-35.353179,139.815153
-26.420680,147.006119
-31.770305,118.183230
-25.226460,152.231174
-37.524546,142.002256
-23.934589,132.821150
-26.762807,152.980529
-30.449255,151.834463
-35.657877,147.849545
-33.805957,117.232548
-34.238433,115.914982
-34.856727,139.168649
-32.057216,150.252619
-37.063703,144.045555
-30.788293,152.882218
-31.712226,116.002414
-34.228653,142.141812
-33.131042,141.661866
-37.230885,149.717024
-34.660775,140.181713
-32.813995,116.472026
-35.810026,147.237643
-32.149636,118.822608
-16.470741,144.883912
-36.032521,145.460424
-34.053727,149.785016
-32.033658,118.452022
-33.316539,151.518329
-36.500508,146.013368
-29.437304,153.353821
-30.852851,117.870581
-27.002757,139.310879
-17.386295,128.261324
-28.414511,153.343467
-26.084797,152.786946
-36.479136,142.481473
-16.284788,133.637128
-35.590514,146.973193
-35.792016,146.043916
-29.563103,150.520639
-35.467427,146.424720
-37.652482,144.793950
-31.007880,147.461907
-33.453494,116.797232
-32.191311,149.017542
-35.598802,137.323887
-28.096499,151.820487
-38.333349,146.078029
-34.750558,137.547407
-33.402606,142.580386
-32.401514,149.464273
-35.599434,145.399903
-28.929617,152.858210
-33.574652,118.451326
-20.834586,143.727907
-30.231973,115.334670
-25.840415,146.608941
-35.447095,138.661625
-31.211189,147.217757
-37.532307,141.982844
-30.738417,152.253591
-38.280435,141.538222
-34.618258,150.100945
-34.616214,139.581281
-28.565585,152.978022
-32.539105,115.903053
-32.412347,149.512527
-32.511333,147.635537
-34.693363,138.809875
-32.044922,116.967378
-33.497701,145.465516
-27.442637,151.677317
-26.678305,151.111780
-31.507830,145.764285
-34.571567,144.298922
-36.097014,140.527329
-27.637069,153.020867
-34.620201,138.999801
-36.565785,140.544942
-12.538115,131.142745
-35.112315,143.309068
-34.772464,143.542995
-31.452507,150.149567
-26.689169,149.145953
-37.275898,140.792217
-33.306074,117.692899
-33.473534,149.893583
-20.286064,119.495782
-30.454304,116.670318
-26.695745,120.207485
-24.725891,113.772042
-35.623969,142.854233
-33.372604,137.094004
-35.583603,138.315509
-33.592805,117.462182
-28.441453,121.180748
-20.806434,144.882933
-31.629932,152.292825
-33.329121,149.451266
-37.264150,142.767757
-27.518825,152.572252
-26.426061,120.255680
-33.207072,121.648452
-38.242791,144.408885
-30.582030,151.744014
-33.958415,117.707704
-35.089979,148.395845
-33.693798,138.994304
-34.542139,135.765595
-32.951545,146.132368
-34.521027,150.512633
-31.305990,117.791999
-34.892434,144.566993
-33.530828,138.417848
-27.273164,152.406035
-29.649769,153.261315
-35.510193,141.314392
-17.567545,123.741705
-36.886819,143.864239
-38.284132,141.468325
-17.305563,145.633506
-37.234707,149.269926
-22.263695,139.678267
-26.708214,139.638495
-29.025928,153.437787
-31.653585,148.871776
-19.496752,138.959524
-24.849779,113.734739
-36.772216,141.870750
-31.369706,131.441774
-36.766221,144.159371
-28.071210,114.664688
-33.121670,151.624239
-36.697822,142.710622
-30.586134,147.499865
-32.660771,117.856385
-35.625390,148.076085
-25.477834,116.091130
-27.854067,143.682142
-17.390091,133.444774
-37.253685,141.831344
-38.577647,145.675318
-37.415755,145.434940
-35.509857,148.147221
-27.232242,153.035327
-35.411822,147.775612
-34.302345,148.099394
-36.911549,143.017744
-33.907305,119.016284
-35.114601,142.827881
-34.295777,117.090297
-36.829014,144.005070
-28.149405,114.939557
-35.074455,150.216663
-32.555552,115.735928
-21.136034,148.965166
-30.453623,115.310062
-31.805183,115.999862
-38.073615,142.740343
-23.161198,149.147629
-32.777784,151.752322
-34.462655,140.326538
-33.197718,136.369501
-34.032387,138.023450
-31.654885,149.204292
-38.585379,146.722757
-29.733376,150.987300
-25.328755,152.831548
-17.210056,145.695793
-37.570665,143.710078
-37.738721,144.306912
-33.950503,145.781204
-36.357865,140.346452
-30.218809,150.368767
-37.400430,140.837582
-32.900629,148.557752
-36.449034,140.353992
-38.263851,142.255774
-28.944064,149.254388
-38.272253,145.207993
-23.371015,150.404989
-38.463929,144.910635
-28.239790,152.761118
-34.789641,140.213188
-28.579390,117.780990
-37.054255,143.704902
-38.334513,142.634118
-34.207002,137.983399
-29.406452,121.276378
-26.113752,149.439635
-34.603493,142.754740
-25.151831,152.198982
-32.923991,138.001504
-35.110969,147.119508
-30.175163,145.932734
-35.560886,138.350922
-33.095857,117.710963
-33.912775,138.525444
-28.014469,153.383932
-33.476328,116.803445
-33.878291,149.926817
-34.553305,147.668989
-31.533330,146.352378
-37.199288,140.073196
-35.438045,149.200494
-34.366422,138.676476
-34.371723,140.472879
-36.090559,146.084914
-34.237905,149.503347
-26.512011,152.841422
-35.076902,144.799135
-32.521740,138.310882
-36.134389,142.752728
-37.698180,144.408505
-33.702079,151.168856
-28.548104,151.928199
-37.326066,144.619603
-34.641239,139.573917
-34.675362,145.969665
-26.698402,151.728224
-32.325500,150.894082
-37.878002,144.055841
-30.110637,117.248918
-34.174293,136.034629
-34.084334,137.670397
-34.282462,148.358785
-38.131086,144.338261
-28.723786,153.078248
-30.501418,117.228423
-36.427311,144.753780
-34.361986,115.977658
-33.199163,150.244333
-33.630694,137.017831
-27.156915,150.472635
-33.538995,116.132857
-36.655225,145.469732
-34.658821,116.157898
-24.834247,119.497762
-36.626614,142.458420
-30.039345,147.722335
-32.517283,147.633164
-30.011798,153.206308
-33.927469,138.937899
-37.985906,142.810465
-34.164331,117.389755
-35.172010,138.988081
-28.214500,145.803835
-17.788139,144.915041
-34.707013,143.073429
-27.026187,151.304890
-37.868962,144.695046
-21.810001,114.133498
-33.918394,149.514928
-28.454789,150.971874
-27.825832,153.095245
-20.035113,119.873402
-34.340579,116.418614
-36.317857,143.516859
-36.913900,142.502398
-37.873614,140.930576
-28.621118,152.977318
-34.324925,149.363382
-27.482640,151.836994
-25.765105,149.567555
-37.321157,144.534569
-24.048302,150.136966
-36.937060,141.992975
-32.054903,116.105845
-32.430844,117.599771
-29.043667,153.007021
-38.372416,144.919346
-31.909711,132.960166
-20.336566,148.669173
-30.468448,116.126482
-29.561160,149.609296
-30.955359,116.809597
-38.051903,147.460302
-33.611083,138.181105
-33.289748,116.016510
-22.769683,147.983646
-30.695620,147.493124
-33.988321,145.698088
-37.680808,144.420118
-34.019210,138.038101
-36.629324,149.751407
-35.650710,145.699733
-36.543337,140.845522
-38.350629,143.595146
-38.251743,143.704081
-33.302405,137.127210
-38.187451,144.677896
-29.480632,137.088146
-22.931311,150.679296
-34.863557,150.554744
-32.096682,119.188167
-27.443533,120.532849
-37.083412,147.388018
-28.444401,153.533232
-36.025716,145.760116
-26.483580,152.990822
-24.126960,150.018348
-31.998075,115.797966
-22.879080,149.788938
-32.945643,115.850170
-36.299007,145.683472
-34.821431,135.823614
-37.585985,144.786076
-26.867966,149.268699
-26.255669,152.947252
-25.306558,119.324946
-17.040377,128.204986
-33.274121,138.271605
-35.258702,147.263403
-21.159038,148.716471
-28.812736,151.849230
-32.341590,118.051919
-17.608329,145.616407
-27.725060,152.813619
-36.710956,142.335297
-27.948275,119.567775
-24.476744,148.666239
-37.606103,143.746614
-27.487149,148.226435
-31.559616,116.769050
-34.865887,147.510139
-33.224500,148.401626
-34.888325,138.942498
-32.086137,117.547312
-28.234230,153.534201
-37.307930,144.413401
-36.173871,147.829116
-20.134961,146.084025
-32.637329,121.543374
-32.241777,116.472538
-37.750937,145.294984
-27.629924,150.293628
-38.634283,143.243197
-26.615877,144.608446
-34.864509,147.965212
-37.036101,141.289877
-30.840608,152.937926
-32.765586,151.100318
-35.164155,149.119440
-32.527894,151.940896
-31.236211,145.564126
-34.936512,137.250586
-23.842776,132.400410
-27.142564,152.958123
-33.376212,150.087307
-21.519941,147.572492
-34.618013,147.626519
-21.155346,149.037539
-30.963284,152.663259
-34.692435,139.428719
-27.667163,153.268582
-37.948214,144.688606
-12.466914,131.058708
-34.548977,146.314957
-34.859153,145.734112
-33.519300,149.864667
-27.764931,151.918983
-33.681402,149.840263
-25.525943,148.723616
-37.894102,144.160309
-38.228664,142.657960
-26.835024,152.781056
-31.660165,152.610438
-38.455002,144.103562
-32.708471,117.283180
-33.649492,115.056506
-33.821686,116.961819
-28.594038,153.507561
-23.658993,146.081942
-33.658514,136.982438
-31.230450,150.810323
-37.671486,141.840551
-36.915623,145.440906
-31.808522,141.435510
-26.440443,151.427083
-34.066883,137.918429
-35.382672,143.210773
-38.258010,143.170291
-28.071662,149.972401
-31.850560,148.615128
-30.372314,138.369210
-36.342326,140.574915
-36.078466,144.862083
-36.877429,146.384557
-30.256510,149.480740
-32.153180,146.040991
-33.358501,118.836228
-35.740941,149.209742
-28.227923,150.412072
-34.994585,149.064179
-34.782986,145.130003
-33.006768,149.578600
-33.714270,150.767396
-33.602157,116.904684
-15.947161,145.334484
-16.947031,141.937602
-36.708767,143.156109
-38.344660,143.568279
-36.179493,142.213268
-38.222433,143.632888
-30.610122,152.978704
-35.590996,144.686556
-30.808221,121.538419
-37.869421,145.771184
-31.544600,152.754749
-30.272535,152.657890
-37.206503,140.676821
-37.487370,145.243927
-33.828983,151.008398
-18.638775,121.945711
-34.571717,145.781163
-32.859065,117.675646
-30.361975,121.311184
-35.328201,142.947600
-34.059531,135.628900
-33.773734,150.654593
-32.909067,148.214991
-37.988522,144.520811
-25.628563,152.618893
-34.357386,147.193887
-35.970083,146.204164
-24.397761,150.506637
-32.900469,144.299256
-18.288859,142.501099
-32.052324,150.356533
-33.674218,120.694632
-30.547532,115.810230
-33.182460,117.060861
-33.555621,145.661368
-38.173886,146.548977
-30.079345,151.522327
-21.478803,143.595416
-35.528265,146.606554
-32.740978,149.052404
-32.420421,150.458427
-36.472910,145.431839
-19.633118,138.557790
-31.747706,119.597031
-21.146423,148.716790
-34.217426,137.846102
-27.919683,152.885733
-27.285993,153.053557
-14.830504,143.521333
-30.081088,117.169462
-35.440497,143.191798
-37.378915,148.668826
-32.090765,152.375644
-27.715534,151.207180
-33.811475,147.640527
-38.281378,142.275104
-20.713302,140.489766
-28.897751,153.556075
-31.828680,148.998777
-29.581995,117.139745
-37.260497,141.821003
-34.051673,150.669557
-36.685830,145.513413
-37.133777,149.351526
-25.300631,115.890453
-21.131895,149.133045
-36.220711,143.575983
-25.358888,152.098527
-28.817460,153.441670
-31.478318,118.060191
-30.227942,151.818603
-35.360539,144.062156
-30.947225,116.858785
-34.793169,146.914630
-34.675615,150.383239
-23.718753,148.563270
-31.707009,147.818493
-26.912703,120.325796
-34.393820,117.667826
-26.682490,143.246822
-28.439132,149.595502
-38.705815,143.461076
-37.289247,146.106231
-23.662882,150.074254
-33.490972,150.870394
-26.437754,114.473354
-36.956916,140.490966
-32.667399,115.769582
-32.836531,139.196957
-16.994133,145.396541
-34.857670,147.552713
-25.191380,151.658102
-33.508694,117.509862
-34.078897,139.693389
-25.295082,152.875072
-31.922932,151.881340
-23.578459,148.184571
-30.844175,115.410094
-38.315908,145.145671
-27.715439,151.464744
-34.178204,143.458685
-35.596704,145.346086
-30.110636,117.114545
-31.460579,117.682993
-34.495073,142.358680
-33.527012,150.245569
-36.053348,147.126900
-24.885872,142.895025
-31.376630,151.138075
-34.916008,148.982971
-16.560086,145.206153
-38.257512,143.672240
-31.031315,117.043734
-37.397869,142.110547
-36.430285,142.798560
-36.548027,140.670575
-37.332470,142.148892
-22.156723,119.950013
-16.799792,145.362618
-27.545286,153.115565
-32.473697,117.038157
-26.489030,146.220026
-34.044650,137.943187
-33.403480,147.810805
-34.235572,148.750523
-28.385346,151.107009
-26.070839,152.306506
-31.554309,150.693178
-36.580210,146.916802
-26.996874,151.231342
-18.346076,139.272231
-34.805540,148.566216
-34.145722,139.260762
-27.067588,151.105374
-30.145716,145.979590
-22.676068,114.044778
-30.734768,117.877307
-34.480396,137.893946
-33.748049,151.003299
-37.666575,144.643316
-26.228008,151.282249
-31.517951,145.630841
-33.770020,117.040002
-31.779583,142.231627
-30.725073,150.562208
-32.081204,123.085773
-28.820907,152.969775
-36.610030,140.507731
-33.096409,117.321278
-36.240588,149.071832
-29.479845,138.221646
-21.467420,143.021526
-33.641774,150.954999
-34.083310,150.629235
-33.600300,138.071273
-31.441762,145.347187
-31.407966,116.649183
-30.860522,117.862432
-38.161598,143.532167
-34.426181,148.737687
-37.371421,144.745556
-24.809983,113.717892
-32.358088,138.068719
-33.886971,116.714410
-25.028114,151.633766
-26.430640,153.104094
-21.808044,114.131498
-32.654235,149.867505
-37.203416,143.753942
-17.017591,145.397042
-25.611695,148.865868
-34.337027,148.737639
-33.933765,116.611458
-24.869967,152.482865
-36.634147,144.868174
-35.790223,146.698295
-37.766540,143.229620
-34.148729,138.154986
-36.552578,144.431191
-25.594225,151.569161
-30.275152,150.593929
-35.029910,117.879479
-26.006598,152.609461
-32.973937,117.712468
-32.937389,117.388581
-36.711483,144.335821
-33.898731,138.789111
-30.396250,152.292475
-33.744306,120.279654
-31.737775,116.220349
-38.262872,145.667008
-29.026641,147.649263
-20.713985,142.582164
-18.148765,125.506777
-28.764347,153.153950
-35.042064,137.747392
-29.058363,151.499064
-35.496570,143.961009
-26.018439,152.032428
-25.448646,148.641545
-36.351102,143.977238
-32.160604,133.756213
-35.878834,146.476961
-23.101574,148.028640
-36.346946,140.717917
-37.880247,146.002923
-35.691948,142.606649
-38.278483,145.642414
-37.978086,143.037593
-28.630999,122.399156
-25.274951,113.918782
-36.502935,142.661354
-34.825680,149.993451
-24.083539,145.326098
-25.237879,152.599574
-37.225949,144.331618
-35.097737,149.616374
-36.426991,140.910938
-30.316562,116.086717
-30.601792,148.219799
-24.300762,150.542458
-32.792571,151.544196
-26.191455,152.432295
-32.924447,118.690921
-33.577590,146.906012
-31.024259,116.939720